# Blender 4.1.1
# www.blender.org
mtllib titleFont.mtl
o 球
v 0.000000 0.831470 -0.555570
v 0.000000 0.555570 -0.831470
v 0.000000 0.195090 -0.980785
v 0.000000 0.000000 -1.000000
v 0.000000 -0.195090 -0.980785
v 0.000000 -0.555570 -0.831470
v -0.038060 0.980785 -0.191342
v -0.074658 0.923880 -0.375330
v -0.108386 0.831470 -0.544895
v -0.137950 0.707107 -0.693520
v -0.162212 0.555570 -0.815493
v -0.180240 0.382683 -0.906127
v -0.191342 0.195090 -0.961940
v -0.195090 0.000000 -0.980785
v -0.191342 -0.195090 -0.961940
v -0.180240 -0.382683 -0.906127
v -0.162212 -0.555570 -0.815493
v -0.137950 -0.707107 -0.693520
v -0.108386 -0.831470 -0.544895
v -0.074658 -0.923880 -0.375330
v -0.038060 -0.980785 -0.191342
v -0.074658 0.980785 -0.180240
v -0.146447 0.923880 -0.353553
v -0.212607 0.831470 -0.513280
v -0.270598 0.707107 -0.653281
v -0.318190 0.555570 -0.768178
v -0.353553 0.382683 -0.853553
v -0.375330 0.195090 -0.906127
v -0.382683 0.000000 -0.923879
v -0.375330 -0.195090 -0.906127
v -0.353553 -0.382683 -0.853553
v -0.318190 -0.555570 -0.768178
v -0.270598 -0.707107 -0.653281
v -0.212607 -0.831470 -0.513280
v -0.146447 -0.923880 -0.353553
v -0.074658 -0.980785 -0.180240
v -0.108386 0.980785 -0.162212
v -0.212607 0.923880 -0.318190
v -0.308658 0.831470 -0.461940
v -0.392847 0.707107 -0.587938
v -0.461940 0.555570 -0.691342
v -0.513280 0.382683 -0.768178
v -0.544895 0.195090 -0.815493
v -0.555570 0.000000 -0.831469
v -0.544895 -0.195090 -0.815493
v -0.513280 -0.382683 -0.768178
v -0.461940 -0.555570 -0.691342
v -0.392847 -0.707107 -0.587938
v -0.308658 -0.831470 -0.461940
v -0.212607 -0.923880 -0.318190
v -0.108386 -0.980785 -0.162212
v -0.137950 0.980785 -0.137950
v -0.270598 0.923880 -0.270598
v -0.392847 0.831470 -0.392847
v -0.500000 0.707107 -0.500000
v -0.587938 0.555570 -0.587938
v -0.653281 0.382683 -0.653281
v -0.693520 0.195090 -0.693520
v -0.707107 0.000000 -0.707107
v -0.693520 -0.195090 -0.693520
v -0.653281 -0.382683 -0.653281
v -0.587938 -0.555570 -0.587938
v -0.500000 -0.707107 -0.500000
v -0.392847 -0.831470 -0.392847
v -0.270598 -0.923880 -0.270598
v -0.137950 -0.980785 -0.137950
v -0.162212 0.980785 -0.108386
v -0.318190 0.923880 -0.212608
v -0.461940 0.831470 -0.308658
v -0.587938 0.707107 -0.392847
v -0.691342 0.555570 -0.461940
v -0.768178 0.382683 -0.513280
v -0.815493 0.195090 -0.544895
v -0.831469 0.000000 -0.555570
v -0.815493 -0.195090 -0.544895
v -0.768178 -0.382683 -0.513280
v -0.691342 -0.555570 -0.461940
v -0.587938 -0.707107 -0.392847
v -0.461940 -0.831470 -0.308658
v -0.318190 -0.923880 -0.212608
v -0.162212 -0.980785 -0.108386
v 0.000000 1.000000 0.000000
v -0.180240 0.980785 -0.074658
v -0.353553 0.923880 -0.146447
v -0.513280 0.831470 -0.212607
v -0.653281 0.707107 -0.270598
v -0.768178 0.555570 -0.318190
v -0.853553 0.382683 -0.353553
v -0.906127 0.195090 -0.375330
v -0.923879 0.000000 -0.382683
v -0.906127 -0.195090 -0.375330
v -0.853553 -0.382683 -0.353553
v -0.768178 -0.555570 -0.318190
v -0.653281 -0.707107 -0.270598
v -0.513280 -0.831470 -0.212607
v -0.353553 -0.923880 -0.146447
v -0.180240 -0.980785 -0.074658
v -0.191342 0.980785 -0.038060
v -0.375330 0.923880 -0.074658
v -0.544895 0.831470 -0.108386
v -0.693520 0.707107 -0.137950
v -0.815493 0.555570 -0.162212
v -0.906127 0.382683 -0.180240
v -0.961940 0.195090 -0.191342
v -0.980785 0.000000 -0.195090
v -0.961940 -0.195090 -0.191342
v -0.906127 -0.382683 -0.180240
v -0.815493 -0.555570 -0.162212
v -0.693520 -0.707107 -0.137950
v -0.544895 -0.831470 -0.108386
v -0.375330 -0.923880 -0.074658
v -0.191342 -0.980785 -0.038060
v -0.195090 0.980785 0.000000
v -0.382683 0.923880 0.000000
v -0.555570 0.831470 0.000000
v -0.707107 0.707107 -0.000000
v -0.831469 0.555570 0.000000
v -0.923879 0.382683 -0.000000
v -0.980785 0.195090 0.000000
v -1.000000 0.000000 0.000000
v -0.980785 -0.195090 0.000000
v -0.923879 -0.382683 -0.000000
v -0.831469 -0.555570 0.000000
v -0.707107 -0.707107 -0.000000
v -0.555570 -0.831470 0.000000
v -0.382683 -0.923880 0.000000
v -0.195090 -0.980785 0.000000
v -0.191342 0.980785 0.038060
v -0.375330 0.923880 0.074658
v -0.544895 0.831470 0.108386
v -0.693520 0.707107 0.137950
v -0.815493 0.555570 0.162212
v -0.906127 0.382683 0.180240
v -0.961939 0.195090 0.191342
v -0.980785 0.000000 0.195090
v -0.961939 -0.195090 0.191342
v -0.906127 -0.382683 0.180240
v -0.815493 -0.555570 0.162212
v -0.693520 -0.707107 0.137950
v -0.544895 -0.831470 0.108386
v -0.375330 -0.923880 0.074658
v -0.191342 -0.980785 0.038060
v -0.180240 0.980785 0.074658
v -0.353553 0.923880 0.146447
v -0.513280 0.831470 0.212608
v -0.653281 0.707107 0.270598
v -0.768177 0.555570 0.318190
v -0.853553 0.382683 0.353553
v -0.906127 0.195090 0.375330
v -0.923879 0.000000 0.382683
v -0.906127 -0.195090 0.375330
v -0.853553 -0.382683 0.353553
v -0.768177 -0.555570 0.318190
v -0.653281 -0.707107 0.270598
v -0.513280 -0.831470 0.212608
v -0.353553 -0.923880 0.146447
v -0.180240 -0.980785 0.074658
v -0.162212 0.980785 0.108386
v -0.318190 0.923880 0.212608
v -0.461940 0.831470 0.308658
v -0.587938 0.707107 0.392847
v -0.691341 0.555570 0.461940
v -0.768178 0.382683 0.513280
v -0.815493 0.195090 0.544895
v -0.831469 0.000000 0.555570
v -0.815493 -0.195090 0.544895
v -0.768178 -0.382683 0.513280
v -0.691341 -0.555570 0.461940
v -0.587938 -0.707107 0.392847
v -0.461940 -0.831470 0.308658
v -0.318190 -0.923880 0.212608
v -0.162212 -0.980785 0.108386
v -0.137950 0.980785 0.137950
v -0.270598 0.923880 0.270598
v -0.392847 0.831470 0.392847
v -0.500000 0.707107 0.500000
v -0.587937 0.555570 0.587938
v -0.653281 0.382683 0.653281
v -0.693520 0.195090 0.693520
v -0.707106 0.000000 0.707107
v -0.693520 -0.195090 0.693520
v -0.653281 -0.382683 0.653281
v -0.587937 -0.555570 0.587938
v -0.500000 -0.707107 0.500000
v -0.392847 -0.831470 0.392847
v -0.270598 -0.923880 0.270598
v -0.137950 -0.980785 0.137950
v -0.108386 0.980785 0.162212
v -0.212607 0.923880 0.318190
v -0.308658 0.831470 0.461940
v -0.392847 0.707107 0.587938
v -0.461939 0.555570 0.691342
v -0.513280 0.382683 0.768178
v -0.544895 0.195090 0.815493
v -0.555570 0.000000 0.831469
v -0.544895 -0.195090 0.815493
v -0.513280 -0.382683 0.768178
v -0.461939 -0.555570 0.691342
v -0.392847 -0.707107 0.587938
v -0.308658 -0.831470 0.461940
v -0.212607 -0.923880 0.318190
v -0.108386 -0.980785 0.162212
v -0.074658 0.980785 0.180240
v -0.146446 0.923880 0.353553
v -0.212607 0.831470 0.513280
v -0.270598 0.707107 0.653281
v -0.318189 0.555570 0.768178
v -0.353553 0.382683 0.853553
v -0.375330 0.195090 0.906127
v -0.382683 0.000000 0.923879
v -0.375330 -0.195090 0.906127
v -0.353553 -0.382683 0.853553
v -0.318189 -0.555570 0.768178
v -0.270598 -0.707107 0.653281
v -0.212607 -0.831470 0.513280
v -0.146446 -0.923880 0.353553
v -0.074658 -0.980785 0.180240
v -0.038060 0.980785 0.191342
v -0.074658 0.923880 0.375330
v -0.108386 0.831470 0.544895
v -0.137950 0.707107 0.693520
v -0.162211 0.555570 0.815493
v -0.180240 0.382683 0.906127
v -0.191341 0.195090 0.961939
v -0.195090 0.000000 0.980785
v -0.191341 -0.195090 0.961939
v -0.180240 -0.382683 0.906127
v -0.162211 -0.555570 0.815493
v -0.137950 -0.707107 0.693520
v -0.108386 -0.831470 0.544895
v -0.074658 -0.923880 0.375330
v -0.038060 -0.980785 0.191342
v 0.000000 0.980785 0.195090
v 0.000000 0.923880 0.382683
v 0.000000 0.831470 0.555570
v 0.000000 0.707107 0.707107
v 0.000000 0.555570 0.831469
v 0.000000 0.382683 0.923879
v 0.000000 0.195090 0.980785
v 0.000000 0.000000 0.999999
v 0.000000 -0.195090 0.980785
v 0.000000 -0.382683 0.923879
v 0.000000 -0.555570 0.831469
v 0.000000 -0.707107 0.707107
v 0.000000 -0.831470 0.555570
v 0.000000 -0.923880 0.382683
v 0.000000 -0.980785 0.195090
v 0.038060 0.980785 0.191342
v 0.074658 0.923880 0.375330
v 0.108387 0.831470 0.544895
v 0.137950 0.707107 0.693520
v 0.162212 0.555570 0.815493
v 0.180240 0.382683 0.906127
v 0.191342 0.195090 0.961939
v 0.195091 0.000000 0.980785
v 0.191342 -0.195090 0.961939
v 0.180240 -0.382683 0.906127
v 0.162212 -0.555570 0.815493
v 0.137950 -0.707107 0.693520
v 0.108387 -0.831470 0.544895
v 0.074658 -0.923880 0.375330
v 0.038060 -0.980785 0.191342
v 0.074658 0.980785 0.180240
v 0.146447 0.923880 0.353553
v 0.212608 0.831470 0.513280
v 0.270598 0.707107 0.653281
v 0.318190 0.555570 0.768177
v 0.353553 0.382683 0.853553
v 0.375330 0.195090 0.906127
v 0.382684 0.000000 0.923879
v 0.375330 -0.195090 0.906127
v 0.353553 -0.382683 0.853553
v 0.318190 -0.555570 0.768177
v 0.270598 -0.707107 0.653281
v 0.212608 -0.831470 0.513280
v 0.146447 -0.923880 0.353553
v 0.074658 -0.980785 0.180240
v 0.108386 0.980785 0.162212
v 0.212608 0.923880 0.318190
v 0.308658 0.831470 0.461939
v 0.392847 0.707107 0.587938
v 0.461940 0.555570 0.691341
v 0.513280 0.382683 0.768178
v 0.544895 0.195090 0.815493
v 0.555570 0.000000 0.831469
v 0.544895 -0.195090 0.815493
v 0.513280 -0.382683 0.768178
v 0.461940 -0.555570 0.691341
v 0.392847 -0.707107 0.587938
v 0.308658 -0.831470 0.461939
v 0.212608 -0.923880 0.318190
v 0.108386 -0.980785 0.162212
v 0.137950 0.980785 0.137950
v 0.270598 0.923880 0.270598
v 0.392847 0.831470 0.392847
v 0.500000 0.707107 0.500000
v 0.587938 0.555570 0.587937
v 0.653281 0.382683 0.653281
v 0.693520 0.195090 0.693520
v 0.707107 0.000000 0.707106
v 0.693520 -0.195090 0.693520
v 0.653281 -0.382683 0.653281
v 0.587938 -0.555570 0.587937
v 0.500000 -0.707107 0.500000
v 0.392847 -0.831470 0.392847
v 0.270598 -0.923880 0.270598
v 0.137950 -0.980785 0.137950
v 0.000000 -1.000000 0.000000
v 0.162212 0.980785 0.108386
v 0.318190 0.923880 0.212607
v 0.461940 0.831470 0.308658
v 0.587938 0.707107 0.392847
v 0.691342 0.555570 0.461939
v 0.768178 0.382683 0.513280
v 0.815493 0.195090 0.544895
v 0.831469 0.000000 0.555569
v 0.815493 -0.195090 0.544895
v 0.768178 -0.382683 0.513280
v 0.691342 -0.555570 0.461939
v 0.587938 -0.707107 0.392847
v 0.461940 -0.831470 0.308658
v 0.318190 -0.923880 0.212607
v 0.162212 -0.980785 0.108386
v 0.180240 0.980785 0.074658
v 0.353553 0.923880 0.146447
v 0.513280 0.831470 0.212607
v 0.653281 0.707107 0.270598
v 0.768178 0.555570 0.318189
v 0.853553 0.382683 0.353553
v 0.906127 0.195090 0.375330
v 0.923879 0.000000 0.382683
v 0.906127 -0.195090 0.375330
v 0.853553 -0.382683 0.353553
v 0.768178 -0.555570 0.318189
v 0.653281 -0.707107 0.270598
v 0.513280 -0.831470 0.212607
v 0.353553 -0.923880 0.146447
v 0.180240 -0.980785 0.074658
v 0.191342 0.980785 0.038060
v 0.375330 0.923880 0.074658
v 0.544895 0.831470 0.108386
v 0.693520 0.707107 0.137950
v 0.815493 0.555570 0.162211
v 0.906127 0.382683 0.180240
v 0.961940 0.195090 0.191341
v 0.980785 0.000000 0.195090
v 0.961940 -0.195090 0.191341
v 0.906127 -0.382683 0.180240
v 0.815493 -0.555570 0.162211
v 0.693520 -0.707107 0.137950
v 0.544895 -0.831470 0.108386
v 0.375330 -0.923880 0.074658
v 0.191342 -0.980785 0.038060
v 0.195090 0.980785 -0.000000
v 0.382683 0.923880 -0.000000
v 0.555570 0.831470 -0.000000
v 0.707107 0.707107 -0.000000
v 0.831469 0.555570 -0.000000
v 0.923879 0.382683 -0.000000
v 0.980785 0.195090 -0.000000
v 0.999999 0.000000 -0.000000
v 0.980785 -0.195090 -0.000000
v 0.923879 -0.382683 -0.000000
v 0.831469 -0.555570 -0.000000
v 0.707107 -0.707107 -0.000000
v 0.555570 -0.831470 -0.000000
v 0.382683 -0.923880 -0.000000
v 0.195090 -0.980785 -0.000000
v 0.191342 0.980785 -0.038060
v 0.375330 0.923880 -0.074658
v 0.544895 0.831470 -0.108386
v 0.693520 0.707107 -0.137950
v 0.815493 0.555570 -0.162212
v 0.906127 0.382683 -0.180240
v 0.961939 0.195090 -0.191342
v 0.980784 0.000000 -0.195091
v 0.961939 -0.195090 -0.191342
v 0.906127 -0.382683 -0.180240
v 0.815493 -0.555570 -0.162212
v 0.693520 -0.707107 -0.137950
v 0.544895 -0.831470 -0.108386
v 0.375330 -0.923880 -0.074658
v 0.191342 -0.980785 -0.038060
v 0.180240 0.980785 -0.074658
v 0.353553 0.923880 -0.146447
v 0.513280 0.831470 -0.212607
v 0.653281 0.707107 -0.270598
v 0.768177 0.555570 -0.318190
v 0.853553 0.382683 -0.353553
v 0.906127 0.195090 -0.375330
v 0.923879 0.000000 -0.382683
v 0.906127 -0.195090 -0.375330
v 0.853553 -0.382683 -0.353553
v 0.768177 -0.555570 -0.318190
v 0.653281 -0.707107 -0.270598
v 0.513280 -0.831470 -0.212607
v 0.353553 -0.923880 -0.146447
v 0.180240 -0.980785 -0.074658
v 0.162212 0.980785 -0.108386
v 0.318190 0.923880 -0.212607
v 0.461939 0.831470 -0.308658
v 0.587938 0.707107 -0.392847
v 0.691341 0.555570 -0.461940
v 0.768178 0.382683 -0.513280
v 0.815493 0.195090 -0.544895
v 0.831469 0.000000 -0.555570
v 0.815493 -0.195090 -0.544895
v 0.768178 -0.382683 -0.513280
v 0.691341 -0.555570 -0.461940
v 0.587938 -0.707107 -0.392847
v 0.461939 -0.831470 -0.308658
v 0.318190 -0.923880 -0.212607
v 0.162212 -0.980785 -0.108386
v 0.137950 0.980785 -0.137950
v 0.270598 0.923880 -0.270598
v 0.392847 0.831470 -0.392847
v 0.500000 0.707107 -0.500000
v 0.587937 0.555570 -0.587938
v 0.653281 0.382683 -0.653281
v 0.693519 0.195090 -0.693520
v 0.707106 0.000000 -0.707106
v 0.693519 -0.195090 -0.693520
v 0.653281 -0.382683 -0.653281
v 0.587937 -0.555570 -0.587938
v 0.500000 -0.707107 -0.500000
v 0.392847 -0.831470 -0.392847
v 0.270598 -0.923880 -0.270598
v 0.137950 -0.980785 -0.137950
v 0.108386 0.980785 -0.162212
v 0.212607 0.923880 -0.318190
v 0.308658 0.831470 -0.461939
v 0.392847 0.707107 -0.587938
v 0.461939 0.555570 -0.691341
v 0.513280 0.382683 -0.768177
v 0.544895 0.195090 -0.815493
v 0.555569 0.000000 -0.831469
v 0.544895 -0.195090 -0.815493
v 0.513280 -0.382683 -0.768177
v 0.461939 -0.555570 -0.691341
v 0.392847 -0.707107 -0.587938
v 0.308658 -0.831470 -0.461939
v 0.212607 -0.923880 -0.318190
v 0.108386 -0.980785 -0.162212
v 0.074658 0.980785 -0.180240
v 0.146447 0.923880 -0.353553
v 0.212607 0.831470 -0.513279
v 0.270598 0.707107 -0.653281
v 0.318189 0.555570 -0.768177
v 0.353553 0.382683 -0.853553
v 0.375330 0.195090 -0.906127
v 0.382683 0.000000 -0.923879
v 0.375330 -0.195090 -0.906127
v 0.353553 -0.382683 -0.853553
v 0.318189 -0.555570 -0.768177
v 0.270598 -0.707107 -0.653281
v 0.212607 -0.831470 -0.513279
v 0.146447 -0.923880 -0.353553
v 0.074658 -0.980785 -0.180240
v 0.038060 0.980785 -0.191342
v 0.074658 0.923880 -0.375330
v 0.108386 0.831470 -0.544895
v 0.137950 0.707107 -0.693520
v 0.162211 0.555570 -0.815493
v 0.180240 0.382683 -0.906127
v 0.191341 0.195090 -0.961939
v 0.195090 0.000000 -0.980784
v 0.191341 -0.195090 -0.961939
v 0.180240 -0.382683 -0.906127
v 0.162211 -0.555570 -0.815493
v 0.137950 -0.707107 -0.693520
v 0.108386 -0.831470 -0.544895
v 0.074658 -0.923880 -0.375330
v 0.038060 -0.980785 -0.191342
v 0.000000 0.980785 -0.195090
v 0.000000 0.923880 -0.382683
v -0.000000 0.707107 -0.707107
v 0.000000 0.382683 -0.923879
v 0.000000 -0.382683 -0.923879
v -0.000000 -0.707107 -0.707107
v -0.000000 -0.831470 -0.555570
v 0.000000 -0.923880 -0.382683
v 0.000000 -0.980785 -0.195090
vn -0.0000 0.8286 -0.5598
vn -0.0000 0.5528 -0.8333
vn -0.0000 0.1939 -0.9810
vn -0.0000 -0.0000 -1.0000
vn -0.0000 -0.1939 -0.9810
vn -0.0000 -0.5528 -0.8333
vn -0.0392 0.9796 -0.1971
vn -0.0757 0.9217 -0.3804
vn -0.1092 0.8286 -0.5490
vn -0.1385 0.7041 -0.6965
vn -0.1626 0.5528 -0.8173
vn -0.1804 0.3805 -0.9070
vn -0.1914 0.1939 -0.9622
vn -0.1951 -0.0000 -0.9808
vn -0.1914 -0.1939 -0.9622
vn -0.1804 -0.3805 -0.9070
vn -0.1626 -0.5528 -0.8173
vn -0.1385 -0.7041 -0.6965
vn -0.1092 -0.8286 -0.5490
vn -0.0757 -0.9217 -0.3804
vn -0.0392 -0.9796 -0.1971
vn -0.0769 0.9796 -0.1857
vn -0.1484 0.9217 -0.3584
vn -0.2142 0.8286 -0.5172
vn -0.2718 0.7041 -0.6561
vn -0.3189 0.5528 -0.7699
vn -0.3539 0.3805 -0.8544
vn -0.3754 0.1939 -0.9063
vn -0.3827 -0.0000 -0.9239
vn -0.3754 -0.1939 -0.9063
vn -0.3539 -0.3805 -0.8544
vn -0.3189 -0.5528 -0.7699
vn -0.2718 -0.7041 -0.6561
vn -0.2142 -0.8286 -0.5172
vn -0.1484 -0.9217 -0.3584
vn -0.0769 -0.9796 -0.1857
vn -0.1117 0.9796 -0.1671
vn -0.2155 0.9217 -0.3225
vn -0.3110 0.8286 -0.4654
vn -0.3945 0.7041 -0.5905
vn -0.4630 0.5528 -0.6929
vn -0.5138 0.3805 -0.7689
vn -0.5450 0.1939 -0.8157
vn -0.5556 -0.0000 -0.8315
vn -0.5450 -0.1939 -0.8157
vn -0.5138 -0.3805 -0.7689
vn -0.4630 -0.5528 -0.6929
vn -0.3945 -0.7041 -0.5905
vn -0.3110 -0.8286 -0.4654
vn -0.2155 -0.9217 -0.3225
vn -0.1117 -0.9796 -0.1671
vn -0.1421 0.9796 -0.1421
vn -0.2743 0.9217 -0.2743
vn -0.3958 0.8286 -0.3958
vn -0.5021 0.7041 -0.5021
vn -0.5893 0.5528 -0.5893
vn -0.6539 0.3805 -0.6539
vn -0.6937 0.1939 -0.6937
vn -0.7071 -0.0000 -0.7071
vn -0.6937 -0.1939 -0.6937
vn -0.6539 -0.3805 -0.6539
vn -0.5893 -0.5528 -0.5893
vn -0.5021 -0.7041 -0.5021
vn -0.3958 -0.8286 -0.3958
vn -0.2743 -0.9217 -0.2743
vn -0.1421 -0.9796 -0.1421
vn -0.1671 0.9796 -0.1117
vn -0.3225 0.9217 -0.2155
vn -0.4654 0.8286 -0.3110
vn -0.5905 0.7041 -0.3945
vn -0.6929 0.5528 -0.4630
vn -0.7689 0.3805 -0.5138
vn -0.8157 0.1939 -0.5450
vn -0.8315 -0.0000 -0.5556
vn -0.8157 -0.1939 -0.5450
vn -0.7689 -0.3805 -0.5138
vn -0.6929 -0.5528 -0.4630
vn -0.5905 -0.7041 -0.3945
vn -0.4654 -0.8286 -0.3110
vn -0.3225 -0.9217 -0.2155
vn -0.1671 -0.9796 -0.1117
vn -0.0000 1.0000 -0.0000
vn -0.1857 0.9796 -0.0769
vn -0.3584 0.9217 -0.1484
vn -0.5172 0.8286 -0.2142
vn -0.6561 0.7041 -0.2718
vn -0.7699 0.5528 -0.3189
vn -0.8544 0.3805 -0.3539
vn -0.9063 0.1939 -0.3754
vn -0.9239 -0.0000 -0.3827
vn -0.9063 -0.1939 -0.3754
vn -0.8544 -0.3805 -0.3539
vn -0.7699 -0.5528 -0.3189
vn -0.6561 -0.7041 -0.2718
vn -0.5172 -0.8286 -0.2142
vn -0.3584 -0.9217 -0.1484
vn -0.1857 -0.9796 -0.0769
vn -0.1971 0.9796 -0.0392
vn -0.3804 0.9217 -0.0757
vn -0.5490 0.8286 -0.1092
vn -0.6965 0.7041 -0.1385
vn -0.8173 0.5528 -0.1626
vn -0.9070 0.3805 -0.1804
vn -0.9622 0.1939 -0.1914
vn -0.9808 -0.0000 -0.1951
vn -0.9622 -0.1939 -0.1914
vn -0.9070 -0.3805 -0.1804
vn -0.8173 -0.5528 -0.1626
vn -0.6965 -0.7041 -0.1385
vn -0.5490 -0.8286 -0.1092
vn -0.3804 -0.9217 -0.0757
vn -0.1971 -0.9796 -0.0392
vn -0.2010 0.9796 -0.0000
vn -0.3879 0.9217 -0.0000
vn -0.5598 0.8286 -0.0000
vn -0.7101 0.7041 -0.0000
vn -0.8333 0.5528 -0.0000
vn -0.9248 0.3805 -0.0000
vn -0.9810 0.1939 -0.0000
vn -1.0000 -0.0000 -0.0000
vn -0.9810 -0.1939 -0.0000
vn -0.9248 -0.3805 -0.0000
vn -0.8333 -0.5528 -0.0000
vn -0.7101 -0.7041 -0.0000
vn -0.5598 -0.8286 -0.0000
vn -0.3879 -0.9217 -0.0000
vn -0.2010 -0.9796 -0.0000
vn -0.1971 0.9796 0.0392
vn -0.3804 0.9217 0.0757
vn -0.5490 0.8286 0.1092
vn -0.6965 0.7041 0.1385
vn -0.8173 0.5528 0.1626
vn -0.9070 0.3805 0.1804
vn -0.9622 0.1939 0.1914
vn -0.9808 -0.0000 0.1951
vn -0.9622 -0.1939 0.1914
vn -0.9070 -0.3805 0.1804
vn -0.8173 -0.5528 0.1626
vn -0.6965 -0.7041 0.1385
vn -0.5490 -0.8286 0.1092
vn -0.3804 -0.9217 0.0757
vn -0.1971 -0.9796 0.0392
vn -0.1857 0.9796 0.0769
vn -0.3584 0.9217 0.1484
vn -0.5172 0.8286 0.2142
vn -0.6561 0.7041 0.2718
vn -0.7699 0.5528 0.3189
vn -0.8544 0.3805 0.3539
vn -0.9063 0.1939 0.3754
vn -0.9239 -0.0000 0.3827
vn -0.9063 -0.1939 0.3754
vn -0.8544 -0.3805 0.3539
vn -0.7699 -0.5528 0.3189
vn -0.6561 -0.7041 0.2718
vn -0.5172 -0.8286 0.2142
vn -0.3584 -0.9217 0.1484
vn -0.1857 -0.9796 0.0769
vn -0.1671 0.9796 0.1117
vn -0.3225 0.9217 0.2155
vn -0.4654 0.8286 0.3110
vn -0.5905 0.7041 0.3945
vn -0.6929 0.5528 0.4630
vn -0.7689 0.3805 0.5138
vn -0.8157 0.1939 0.5450
vn -0.8315 -0.0000 0.5556
vn -0.8157 -0.1939 0.5450
vn -0.7689 -0.3805 0.5138
vn -0.6929 -0.5528 0.4630
vn -0.5905 -0.7041 0.3945
vn -0.4654 -0.8286 0.3110
vn -0.3225 -0.9217 0.2155
vn -0.1671 -0.9796 0.1117
vn -0.1421 0.9796 0.1421
vn -0.2743 0.9217 0.2743
vn -0.3958 0.8286 0.3958
vn -0.5021 0.7041 0.5021
vn -0.5893 0.5528 0.5893
vn -0.6539 0.3805 0.6539
vn -0.6937 0.1939 0.6937
vn -0.7071 -0.0000 0.7071
vn -0.6937 -0.1939 0.6937
vn -0.6539 -0.3805 0.6539
vn -0.5893 -0.5528 0.5893
vn -0.5021 -0.7041 0.5021
vn -0.3958 -0.8286 0.3958
vn -0.2743 -0.9217 0.2743
vn -0.1421 -0.9796 0.1421
vn -0.1117 0.9796 0.1671
vn -0.2155 0.9217 0.3225
vn -0.3110 0.8286 0.4654
vn -0.3945 0.7041 0.5905
vn -0.4630 0.5528 0.6929
vn -0.5138 0.3805 0.7689
vn -0.5450 0.1939 0.8157
vn -0.5556 -0.0000 0.8315
vn -0.5450 -0.1939 0.8157
vn -0.5138 -0.3805 0.7689
vn -0.4630 -0.5528 0.6929
vn -0.3945 -0.7041 0.5905
vn -0.3110 -0.8286 0.4654
vn -0.2155 -0.9217 0.3225
vn -0.1117 -0.9796 0.1671
vn -0.0769 0.9796 0.1857
vn -0.1484 0.9217 0.3584
vn -0.2142 0.8286 0.5172
vn -0.2718 0.7041 0.6561
vn -0.3189 0.5528 0.7699
vn -0.3539 0.3805 0.8544
vn -0.3754 0.1939 0.9063
vn -0.3827 -0.0000 0.9239
vn -0.3754 -0.1939 0.9063
vn -0.3539 -0.3805 0.8544
vn -0.3189 -0.5528 0.7699
vn -0.2718 -0.7041 0.6561
vn -0.2142 -0.8286 0.5172
vn -0.1484 -0.9217 0.3584
vn -0.0769 -0.9796 0.1857
vn -0.0392 0.9796 0.1971
vn -0.0757 0.9217 0.3804
vn -0.1092 0.8286 0.5490
vn -0.1385 0.7041 0.6965
vn -0.1626 0.5528 0.8173
vn -0.1804 0.3805 0.9070
vn -0.1914 0.1939 0.9622
vn -0.1951 -0.0000 0.9808
vn -0.1914 -0.1939 0.9622
vn -0.1804 -0.3805 0.9070
vn -0.1626 -0.5528 0.8173
vn -0.1385 -0.7041 0.6965
vn -0.1092 -0.8286 0.5490
vn -0.0757 -0.9217 0.3804
vn -0.0392 -0.9796 0.1971
vn -0.0000 0.9796 0.2010
vn -0.0000 0.9217 0.3879
vn -0.0000 0.8286 0.5598
vn -0.0000 0.7041 0.7101
vn -0.0000 0.5528 0.8333
vn -0.0000 0.3805 0.9248
vn -0.0000 0.1939 0.9810
vn -0.0000 -0.0000 1.0000
vn -0.0000 -0.1939 0.9810
vn -0.0000 -0.3805 0.9248
vn -0.0000 -0.5528 0.8333
vn -0.0000 -0.7041 0.7101
vn -0.0000 -0.8286 0.5598
vn -0.0000 -0.9217 0.3879
vn -0.0000 -0.9796 0.2010
vn 0.0392 0.9796 0.1971
vn 0.0757 0.9217 0.3804
vn 0.1092 0.8286 0.5490
vn 0.1385 0.7041 0.6965
vn 0.1626 0.5528 0.8173
vn 0.1804 0.3805 0.9070
vn 0.1914 0.1939 0.9622
vn 0.1951 -0.0000 0.9808
vn 0.1914 -0.1939 0.9622
vn 0.1804 -0.3805 0.9070
vn 0.1626 -0.5528 0.8173
vn 0.1385 -0.7041 0.6965
vn 0.1092 -0.8286 0.5490
vn 0.0757 -0.9217 0.3804
vn 0.0392 -0.9796 0.1971
vn 0.0769 0.9796 0.1857
vn 0.1484 0.9217 0.3584
vn 0.2142 0.8286 0.5172
vn 0.2718 0.7041 0.6561
vn 0.3189 0.5528 0.7699
vn 0.3539 0.3805 0.8544
vn 0.3754 0.1939 0.9063
vn 0.3827 -0.0000 0.9239
vn 0.3754 -0.1939 0.9063
vn 0.3539 -0.3805 0.8544
vn 0.3189 -0.5528 0.7699
vn 0.2718 -0.7041 0.6561
vn 0.2142 -0.8286 0.5172
vn 0.1484 -0.9217 0.3584
vn 0.0769 -0.9796 0.1857
vn 0.1117 0.9796 0.1671
vn 0.2155 0.9217 0.3225
vn 0.3110 0.8286 0.4654
vn 0.3945 0.7041 0.5905
vn 0.4630 0.5528 0.6929
vn 0.5138 0.3805 0.7689
vn 0.5450 0.1939 0.8157
vn 0.5556 -0.0000 0.8315
vn 0.5450 -0.1939 0.8157
vn 0.5138 -0.3805 0.7689
vn 0.4630 -0.5528 0.6929
vn 0.3945 -0.7041 0.5905
vn 0.3110 -0.8286 0.4654
vn 0.2155 -0.9217 0.3225
vn 0.1117 -0.9796 0.1671
vn 0.1421 0.9796 0.1421
vn 0.2743 0.9217 0.2743
vn 0.3958 0.8286 0.3958
vn 0.5021 0.7041 0.5021
vn 0.5893 0.5528 0.5893
vn 0.6539 0.3805 0.6539
vn 0.6937 0.1939 0.6937
vn 0.7071 -0.0000 0.7071
vn 0.6937 -0.1939 0.6937
vn 0.6539 -0.3805 0.6539
vn 0.5893 -0.5528 0.5893
vn 0.5021 -0.7041 0.5021
vn 0.3958 -0.8286 0.3958
vn 0.2743 -0.9217 0.2743
vn 0.1421 -0.9796 0.1421
vn -0.0000 -1.0000 -0.0000
vn 0.1671 0.9796 0.1117
vn 0.3225 0.9217 0.2155
vn 0.4654 0.8286 0.3110
vn 0.5905 0.7041 0.3945
vn 0.6929 0.5528 0.4630
vn 0.7689 0.3805 0.5138
vn 0.8157 0.1939 0.5450
vn 0.8315 -0.0000 0.5556
vn 0.8157 -0.1939 0.5450
vn 0.7689 -0.3805 0.5138
vn 0.6929 -0.5528 0.4630
vn 0.5905 -0.7041 0.3945
vn 0.4654 -0.8286 0.3110
vn 0.3225 -0.9217 0.2155
vn 0.1671 -0.9796 0.1117
vn 0.1857 0.9796 0.0769
vn 0.3584 0.9217 0.1484
vn 0.5172 0.8286 0.2142
vn 0.6561 0.7041 0.2718
vn 0.7699 0.5528 0.3189
vn 0.8544 0.3805 0.3539
vn 0.9063 0.1939 0.3754
vn 0.9239 -0.0000 0.3827
vn 0.9063 -0.1939 0.3754
vn 0.8544 -0.3805 0.3539
vn 0.7699 -0.5528 0.3189
vn 0.6561 -0.7041 0.2718
vn 0.5172 -0.8286 0.2142
vn 0.3584 -0.9217 0.1484
vn 0.1857 -0.9796 0.0769
vn 0.1971 0.9796 0.0392
vn 0.3804 0.9217 0.0757
vn 0.5490 0.8286 0.1092
vn 0.6965 0.7041 0.1385
vn 0.8173 0.5528 0.1626
vn 0.9070 0.3805 0.1804
vn 0.9622 0.1939 0.1914
vn 0.9808 -0.0000 0.1951
vn 0.9622 -0.1939 0.1914
vn 0.9070 -0.3805 0.1804
vn 0.8173 -0.5528 0.1626
vn 0.6965 -0.7041 0.1385
vn 0.5490 -0.8286 0.1092
vn 0.3804 -0.9217 0.0757
vn 0.1971 -0.9796 0.0392
vn 0.2010 0.9796 -0.0000
vn 0.3879 0.9217 -0.0000
vn 0.5598 0.8286 -0.0000
vn 0.7101 0.7041 -0.0000
vn 0.8333 0.5528 -0.0000
vn 0.9248 0.3805 -0.0000
vn 0.9810 0.1939 -0.0000
vn 1.0000 -0.0000 -0.0000
vn 0.9810 -0.1939 -0.0000
vn 0.9248 -0.3805 -0.0000
vn 0.8333 -0.5528 -0.0000
vn 0.7101 -0.7041 -0.0000
vn 0.5598 -0.8286 -0.0000
vn 0.3879 -0.9217 -0.0000
vn 0.2010 -0.9796 -0.0000
vn 0.1971 0.9796 -0.0392
vn 0.3804 0.9217 -0.0757
vn 0.5490 0.8286 -0.1092
vn 0.6965 0.7041 -0.1385
vn 0.8173 0.5528 -0.1626
vn 0.9070 0.3805 -0.1804
vn 0.9622 0.1939 -0.1914
vn 0.9808 -0.0000 -0.1951
vn 0.9622 -0.1939 -0.1914
vn 0.9070 -0.3805 -0.1804
vn 0.8173 -0.5528 -0.1626
vn 0.6965 -0.7041 -0.1385
vn 0.5490 -0.8286 -0.1092
vn 0.3804 -0.9217 -0.0757
vn 0.1971 -0.9796 -0.0392
vn 0.1857 0.9796 -0.0769
vn 0.3584 0.9217 -0.1484
vn 0.5172 0.8286 -0.2142
vn 0.6561 0.7041 -0.2718
vn 0.7699 0.5528 -0.3189
vn 0.8544 0.3805 -0.3539
vn 0.9063 0.1939 -0.3754
vn 0.9239 -0.0000 -0.3827
vn 0.9063 -0.1939 -0.3754
vn 0.8544 -0.3805 -0.3539
vn 0.7699 -0.5528 -0.3189
vn 0.6561 -0.7041 -0.2718
vn 0.5172 -0.8286 -0.2142
vn 0.3584 -0.9217 -0.1484
vn 0.1857 -0.9796 -0.0769
vn 0.1671 0.9796 -0.1117
vn 0.3225 0.9217 -0.2155
vn 0.4654 0.8286 -0.3110
vn 0.5905 0.7041 -0.3945
vn 0.6929 0.5528 -0.4630
vn 0.7689 0.3805 -0.5138
vn 0.8157 0.1939 -0.5450
vn 0.8315 -0.0000 -0.5556
vn 0.8157 -0.1939 -0.5450
vn 0.7689 -0.3805 -0.5138
vn 0.6929 -0.5528 -0.4630
vn 0.5905 -0.7041 -0.3945
vn 0.4654 -0.8286 -0.3110
vn 0.3225 -0.9217 -0.2155
vn 0.1671 -0.9796 -0.1117
vn 0.1421 0.9796 -0.1421
vn 0.2743 0.9217 -0.2743
vn 0.3958 0.8286 -0.3958
vn 0.5021 0.7041 -0.5021
vn 0.5893 0.5528 -0.5893
vn 0.6539 0.3805 -0.6539
vn 0.6937 0.1939 -0.6937
vn 0.7071 -0.0000 -0.7071
vn 0.6937 -0.1939 -0.6937
vn 0.6539 -0.3805 -0.6539
vn 0.5893 -0.5528 -0.5893
vn 0.5021 -0.7041 -0.5021
vn 0.3958 -0.8286 -0.3958
vn 0.2743 -0.9217 -0.2743
vn 0.1421 -0.9796 -0.1421
vn 0.1117 0.9796 -0.1671
vn 0.2155 0.9217 -0.3225
vn 0.3110 0.8286 -0.4654
vn 0.3945 0.7041 -0.5905
vn 0.4630 0.5528 -0.6929
vn 0.5138 0.3805 -0.7689
vn 0.5450 0.1939 -0.8157
vn 0.5556 -0.0000 -0.8315
vn 0.5450 -0.1939 -0.8157
vn 0.5138 -0.3805 -0.7689
vn 0.4630 -0.5528 -0.6929
vn 0.3945 -0.7041 -0.5905
vn 0.3110 -0.8286 -0.4654
vn 0.2155 -0.9217 -0.3225
vn 0.1117 -0.9796 -0.1671
vn 0.0769 0.9796 -0.1857
vn 0.1484 0.9217 -0.3584
vn 0.2142 0.8286 -0.5172
vn 0.2718 0.7041 -0.6561
vn 0.3189 0.5528 -0.7699
vn 0.3539 0.3805 -0.8544
vn 0.3754 0.1939 -0.9063
vn 0.3827 -0.0000 -0.9239
vn 0.3754 -0.1939 -0.9063
vn 0.3539 -0.3805 -0.8544
vn 0.3189 -0.5528 -0.7699
vn 0.2718 -0.7041 -0.6561
vn 0.2142 -0.8286 -0.5172
vn 0.1484 -0.9217 -0.3584
vn 0.0769 -0.9796 -0.1857
vn 0.0392 0.9796 -0.1971
vn 0.0757 0.9217 -0.3804
vn 0.1092 0.8286 -0.5490
vn 0.1385 0.7041 -0.6965
vn 0.1626 0.5528 -0.8173
vn 0.1804 0.3805 -0.9070
vn 0.1914 0.1939 -0.9622
vn 0.1951 -0.0000 -0.9808
vn 0.1914 -0.1939 -0.9622
vn 0.1804 -0.3805 -0.9070
vn 0.1626 -0.5528 -0.8173
vn 0.1385 -0.7041 -0.6965
vn 0.1092 -0.8286 -0.5490
vn 0.0757 -0.9217 -0.3804
vn 0.0392 -0.9796 -0.1971
vn -0.0000 0.9796 -0.2010
vn -0.0000 0.9217 -0.3879
vn -0.0000 0.7041 -0.7101
vn -0.0000 0.3805 -0.9248
vn -0.0000 -0.3805 -0.9248
vn -0.0000 -0.7041 -0.7101
vn -0.0000 -0.8286 -0.5598
vn -0.0000 -0.9217 -0.3879
vn -0.0000 -0.9796 -0.2010
vt 0.750000 0.125000
vt 0.718750 0.125000
vt 0.718750 0.187500
vt 0.750000 0.187500
vt 0.750000 0.562500
vt 0.718750 0.562500
vt 0.718750 0.625000
vt 0.750000 0.625000
vt 0.750000 0.062500
vt 0.718750 0.062500
vt 0.750000 0.500000
vt 0.718750 0.500000
vt 0.750000 0.937500
vt 0.718750 0.937500
vt 0.734375 1.000000
vt 0.734375 0.000000
vt 0.750000 0.437500
vt 0.718750 0.437500
vt 0.750000 0.875000
vt 0.718750 0.875000
vt 0.750000 0.375000
vt 0.718750 0.375000
vt 0.750000 0.812500
vt 0.718750 0.812500
vt 0.750000 0.312500
vt 0.718750 0.312500
vt 0.750000 0.750000
vt 0.718750 0.750000
vt 0.750000 0.250000
vt 0.718750 0.250000
vt 0.750000 0.687500
vt 0.718750 0.687500
vt 0.687500 0.187500
vt 0.687500 0.250000
vt 0.687500 0.625000
vt 0.687500 0.687500
vt 0.687500 0.125000
vt 0.687500 0.562500
vt 0.687500 0.062500
vt 0.687500 0.500000
vt 0.687500 0.937500
vt 0.703125 1.000000
vt 0.703125 0.000000
vt 0.687500 0.437500
vt 0.687500 0.875000
vt 0.687500 0.375000
vt 0.687500 0.812500
vt 0.687500 0.312500
vt 0.687500 0.750000
vt 0.656250 0.875000
vt 0.656250 0.937500
vt 0.656250 0.375000
vt 0.656250 0.437500
vt 0.656250 0.812500
vt 0.656250 0.312500
vt 0.656250 0.750000
vt 0.656250 0.250000
vt 0.656250 0.687500
vt 0.656250 0.187500
vt 0.656250 0.625000
vt 0.656250 0.125000
vt 0.656250 0.562500
vt 0.656250 0.062500
vt 0.656250 0.500000
vt 0.671875 1.000000
vt 0.671875 0.000000
vt 0.625000 0.625000
vt 0.625000 0.687500
vt 0.625000 0.125000
vt 0.625000 0.187500
vt 0.625000 0.562500
vt 0.625000 0.062500
vt 0.625000 0.500000
vt 0.625000 0.937500
vt 0.640625 1.000000
vt 0.640625 0.000000
vt 0.625000 0.437500
vt 0.625000 0.875000
vt 0.625000 0.375000
vt 0.625000 0.812500
vt 0.625000 0.312500
vt 0.625000 0.750000
vt 0.625000 0.250000
vt 0.593750 0.375000
vt 0.593750 0.437500
vt 0.593750 0.812500
vt 0.593750 0.875000
vt 0.593750 0.312500
vt 0.593750 0.750000
vt 0.593750 0.250000
vt 0.593750 0.687500
vt 0.593750 0.187500
vt 0.593750 0.625000
vt 0.593750 0.125000
vt 0.593750 0.562500
vt 0.593750 0.062500
vt 0.593750 0.500000
vt 0.593750 0.937500
vt 0.609375 1.000000
vt 0.609375 0.000000
vt 0.562500 0.125000
vt 0.562500 0.187500
vt 0.562500 0.562500
vt 0.562500 0.625000
vt 0.562500 0.062500
vt 0.562500 0.500000
vt 0.562500 0.937500
vt 0.578125 1.000000
vt 0.578125 0.000000
vt 0.562500 0.437500
vt 0.562500 0.875000
vt 0.562500 0.375000
vt 0.562500 0.812500
vt 0.562500 0.312500
vt 0.562500 0.750000
vt 0.562500 0.250000
vt 0.562500 0.687500
vt 0.531250 0.312500
vt 0.531250 0.375000
vt 0.531250 0.750000
vt 0.531250 0.812500
vt 0.531250 0.250000
vt 0.531250 0.687500
vt 0.531250 0.187500
vt 0.531250 0.625000
vt 0.531250 0.125000
vt 0.531250 0.562500
vt 0.531250 0.062500
vt 0.531250 0.500000
vt 0.531250 0.937500
vt 0.546875 1.000000
vt 0.546875 0.000000
vt 0.531250 0.437500
vt 0.531250 0.875000
vt 0.500000 0.062500
vt 0.500000 0.125000
vt 0.500000 0.500000
vt 0.500000 0.562500
vt 0.500000 0.937500
vt 0.515625 1.000000
vt 0.515625 0.000000
vt 0.500000 0.437500
vt 0.500000 0.875000
vt 0.500000 0.375000
vt 0.500000 0.812500
vt 0.500000 0.312500
vt 0.500000 0.750000
vt 0.500000 0.250000
vt 0.500000 0.687500
vt 0.500000 0.187500
vt 0.500000 0.625000
vt 0.468750 0.750000
vt 0.468750 0.812500
vt 0.468750 0.250000
vt 0.468750 0.312500
vt 0.468750 0.687500
vt 0.468750 0.187500
vt 0.468750 0.625000
vt 0.468750 0.125000
vt 0.468750 0.562500
vt 0.468750 0.062500
vt 0.468750 0.500000
vt 0.468750 0.937500
vt 0.484375 1.000000
vt 0.484375 0.000000
vt 0.468750 0.437500
vt 0.468750 0.875000
vt 0.468750 0.375000
vt 0.437500 0.500000
vt 0.437500 0.562500
vt 0.437500 0.937500
vt 0.453125 1.000000
vt 0.453125 0.000000
vt 0.437500 0.062500
vt 0.437500 0.437500
vt 0.437500 0.875000
vt 0.437500 0.375000
vt 0.437500 0.812500
vt 0.437500 0.312500
vt 0.437500 0.750000
vt 0.437500 0.250000
vt 0.437500 0.687500
vt 0.437500 0.187500
vt 0.437500 0.625000
vt 0.437500 0.125000
vt 0.406250 0.250000
vt 0.406250 0.312500
vt 0.406250 0.687500
vt 0.406250 0.750000
vt 0.406250 0.187500
vt 0.406250 0.625000
vt 0.406250 0.125000
vt 0.406250 0.562500
vt 0.406250 0.062500
vt 0.406250 0.500000
vt 0.406250 0.937500
vt 0.421875 1.000000
vt 0.421875 0.000000
vt 0.406250 0.437500
vt 0.406250 0.875000
vt 0.406250 0.375000
vt 0.406250 0.812500
vt 0.375000 0.937500
vt 0.390625 1.000000
vt 0.390625 0.000000
vt 0.375000 0.062500
vt 0.375000 0.437500
vt 0.375000 0.500000
vt 0.375000 0.875000
vt 0.375000 0.375000
vt 0.375000 0.812500
vt 0.375000 0.312500
vt 0.375000 0.750000
vt 0.375000 0.250000
vt 0.375000 0.687500
vt 0.375000 0.187500
vt 0.375000 0.625000
vt 0.375000 0.125000
vt 0.375000 0.562500
vt 0.343750 0.687500
vt 0.343750 0.750000
vt 0.343750 0.187500
vt 0.343750 0.250000
vt 0.343750 0.625000
vt 0.343750 0.125000
vt 0.343750 0.562500
vt 0.343750 0.062500
vt 0.343750 0.500000
vt 0.343750 0.937500
vt 0.359375 1.000000
vt 0.359375 0.000000
vt 0.343750 0.437500
vt 0.343750 0.875000
vt 0.343750 0.375000
vt 0.343750 0.812500
vt 0.343750 0.312500
vt 0.312500 0.437500
vt 0.312500 0.500000
vt 0.312500 0.875000
vt 0.312500 0.937500
vt 0.312500 0.375000
vt 0.312500 0.812500
vt 0.312500 0.312500
vt 0.312500 0.750000
vt 0.312500 0.250000
vt 0.312500 0.687500
vt 0.312500 0.187500
vt 0.312500 0.625000
vt 0.312500 0.125000
vt 0.312500 0.562500
vt 0.312500 0.062500
vt 0.328125 1.000000
vt 0.328125 0.000000
vt 0.281250 0.187500
vt 0.281250 0.250000
vt 0.281250 0.625000
vt 0.281250 0.687500
vt 0.281250 0.125000
vt 0.281250 0.562500
vt 0.281250 0.062500
vt 0.281250 0.500000
vt 0.281250 0.937500
vt 0.296875 1.000000
vt 0.296875 0.000000
vt 0.281250 0.437500
vt 0.281250 0.875000
vt 0.281250 0.375000
vt 0.281250 0.812500
vt 0.281250 0.312500
vt 0.281250 0.750000
vt 0.250000 0.375000
vt 0.250000 0.437500
vt 0.250000 0.812500
vt 0.250000 0.875000
vt 0.250000 0.312500
vt 0.250000 0.750000
vt 0.250000 0.250000
vt 0.250000 0.687500
vt 0.250000 0.187500
vt 0.250000 0.625000
vt 0.250000 0.125000
vt 0.250000 0.562500
vt 0.250000 0.062500
vt 0.250000 0.500000
vt 0.250000 0.937500
vt 0.265625 1.000000
vt 0.265625 0.000000
vt 0.218750 0.125000
vt 0.218750 0.187500
vt 0.218750 0.562500
vt 0.218750 0.625000
vt 0.218750 0.062500
vt 0.218750 0.500000
vt 0.218750 0.937500
vt 0.234375 1.000000
vt 0.234375 0.000000
vt 0.218750 0.437500
vt 0.218750 0.875000
vt 0.218750 0.375000
vt 0.218750 0.812500
vt 0.218750 0.312500
vt 0.218750 0.750000
vt 0.218750 0.250000
vt 0.218750 0.687500
vt 0.187500 0.812500
vt 0.187500 0.875000
vt 0.187500 0.312500
vt 0.187500 0.375000
vt 0.187500 0.750000
vt 0.187500 0.250000
vt 0.187500 0.687500
vt 0.187500 0.187500
vt 0.187500 0.625000
vt 0.187500 0.125000
vt 0.187500 0.562500
vt 0.187500 0.062500
vt 0.187500 0.500000
vt 0.187500 0.937500
vt 0.203125 1.000000
vt 0.203125 0.000000
vt 0.187500 0.437500
vt 0.156250 0.562500
vt 0.156250 0.625000
vt 0.156250 0.062500
vt 0.156250 0.125000
vt 0.156250 0.500000
vt 0.156250 0.937500
vt 0.171875 1.000000
vt 0.171875 0.000000
vt 0.156250 0.437500
vt 0.156250 0.875000
vt 0.156250 0.375000
vt 0.156250 0.812500
vt 0.156250 0.312500
vt 0.156250 0.750000
vt 0.156250 0.250000
vt 0.156250 0.687500
vt 0.156250 0.187500
vt 0.125000 0.312500
vt 0.125000 0.375000
vt 0.125000 0.750000
vt 0.125000 0.812500
vt 0.125000 0.250000
vt 0.125000 0.687500
vt 0.125000 0.187500
vt 0.125000 0.625000
vt 0.125000 0.125000
vt 0.125000 0.562500
vt 0.125000 0.062500
vt 0.125000 0.500000
vt 0.125000 0.937500
vt 0.140625 1.000000
vt 0.140625 0.000000
vt 0.125000 0.437500
vt 0.125000 0.875000
vt 0.093750 0.062500
vt 0.093750 0.125000
vt 0.093750 0.500000
vt 0.093750 0.562500
vt 0.093750 0.937500
vt 0.109375 1.000000
vt 0.109375 0.000000
vt 0.093750 0.437500
vt 0.093750 0.875000
vt 0.093750 0.375000
vt 0.093750 0.812500
vt 0.093750 0.312500
vt 0.093750 0.750000
vt 0.093750 0.250000
vt 0.093750 0.687500
vt 0.093750 0.187500
vt 0.093750 0.625000
vt 0.062500 0.750000
vt 0.062500 0.812500
vt 0.062500 0.250000
vt 0.062500 0.312500
vt 0.062500 0.687500
vt 0.062500 0.187500
vt 0.062500 0.625000
vt 0.062500 0.125000
vt 0.062500 0.562500
vt 0.062500 0.062500
vt 0.062500 0.500000
vt 0.062500 0.937500
vt 0.078125 1.000000
vt 0.078125 0.000000
vt 0.062500 0.437500
vt 0.062500 0.875000
vt 0.062500 0.375000
vt 0.031250 0.500000
vt 0.031250 0.562500
vt 0.031250 0.937500
vt 0.046875 1.000000
vt 0.046875 0.000000
vt 0.031250 0.062500
vt 0.031250 0.437500
vt 0.031250 0.875000
vt 0.031250 0.375000
vt 0.031250 0.812500
vt 0.031250 0.312500
vt 0.031250 0.750000
vt 0.031250 0.250000
vt 0.031250 0.687500
vt 0.031250 0.187500
vt 0.031250 0.625000
vt 0.031250 0.125000
vt 0.000000 0.250000
vt 0.000000 0.312500
vt 0.000000 0.687500
vt 0.000000 0.750000
vt 0.000000 0.187500
vt 0.000000 0.625000
vt 0.000000 0.125000
vt 0.000000 0.562500
vt 0.000000 0.062500
vt 0.000000 0.500000
vt 0.000000 0.937500
vt 0.015625 1.000000
vt 0.015625 0.000000
vt 0.000000 0.437500
vt 0.000000 0.875000
vt 0.000000 0.375000
vt 0.000000 0.812500
vt 0.984375 0.000000
vt 0.968750 0.062500
vt 1.000000 0.062500
vt 1.000000 0.437500
vt 0.968750 0.437500
vt 0.968750 0.500000
vt 1.000000 0.500000
vt 1.000000 0.875000
vt 0.968750 0.875000
vt 0.968750 0.937500
vt 1.000000 0.937500
vt 1.000000 0.375000
vt 0.968750 0.375000
vt 1.000000 0.812500
vt 0.968750 0.812500
vt 1.000000 0.312500
vt 0.968750 0.312500
vt 1.000000 0.750000
vt 0.968750 0.750000
vt 1.000000 0.250000
vt 0.968750 0.250000
vt 1.000000 0.687500
vt 0.968750 0.687500
vt 1.000000 0.187500
vt 0.968750 0.187500
vt 1.000000 0.625000
vt 0.968750 0.625000
vt 1.000000 0.125000
vt 0.968750 0.125000
vt 1.000000 0.562500
vt 0.968750 0.562500
vt 0.984375 1.000000
vt 0.937500 0.187500
vt 0.937500 0.250000
vt 0.937500 0.625000
vt 0.937500 0.687500
vt 0.937500 0.125000
vt 0.937500 0.562500
vt 0.937500 0.062500
vt 0.937500 0.500000
vt 0.937500 0.937500
vt 0.953125 1.000000
vt 0.953125 0.000000
vt 0.937500 0.437500
vt 0.937500 0.875000
vt 0.937500 0.375000
vt 0.937500 0.812500
vt 0.937500 0.312500
vt 0.937500 0.750000
vt 0.906250 0.875000
vt 0.906250 0.937500
vt 0.906250 0.375000
vt 0.906250 0.437500
vt 0.906250 0.812500
vt 0.906250 0.312500
vt 0.906250 0.750000
vt 0.906250 0.250000
vt 0.906250 0.687500
vt 0.906250 0.187500
vt 0.906250 0.625000
vt 0.906250 0.125000
vt 0.906250 0.562500
vt 0.906250 0.062500
vt 0.906250 0.500000
vt 0.921875 1.000000
vt 0.921875 0.000000
vt 0.875000 0.625000
vt 0.875000 0.687500
vt 0.875000 0.125000
vt 0.875000 0.187500
vt 0.875000 0.562500
vt 0.875000 0.062500
vt 0.875000 0.500000
vt 0.875000 0.937500
vt 0.890625 1.000000
vt 0.890625 0.000000
vt 0.875000 0.437500
vt 0.875000 0.875000
vt 0.875000 0.375000
vt 0.875000 0.812500
vt 0.875000 0.312500
vt 0.875000 0.750000
vt 0.875000 0.250000
vt 0.843750 0.375000
vt 0.843750 0.437500
vt 0.843750 0.812500
vt 0.843750 0.875000
vt 0.843750 0.312500
vt 0.843750 0.750000
vt 0.843750 0.250000
vt 0.843750 0.687500
vt 0.843750 0.187500
vt 0.843750 0.625000
vt 0.843750 0.125000
vt 0.843750 0.562500
vt 0.843750 0.062500
vt 0.843750 0.500000
vt 0.843750 0.937500
vt 0.859375 1.000000
vt 0.859375 0.000000
vt 0.812500 0.125000
vt 0.812500 0.187500
vt 0.812500 0.562500
vt 0.812500 0.625000
vt 0.812500 0.062500
vt 0.812500 0.500000
vt 0.812500 0.937500
vt 0.828125 1.000000
vt 0.828125 0.000000
vt 0.812500 0.437500
vt 0.812500 0.875000
vt 0.812500 0.375000
vt 0.812500 0.812500
vt 0.812500 0.312500
vt 0.812500 0.750000
vt 0.812500 0.250000
vt 0.812500 0.687500
vt 0.781250 0.812500
vt 0.781250 0.875000
vt 0.781250 0.312500
vt 0.781250 0.375000
vt 0.781250 0.750000
vt 0.781250 0.250000
vt 0.781250 0.687500
vt 0.781250 0.187500
vt 0.781250 0.625000
vt 0.781250 0.125000
vt 0.781250 0.562500
vt 0.781250 0.062500
vt 0.781250 0.500000
vt 0.781250 0.937500
vt 0.796875 1.000000
vt 0.796875 0.000000
vt 0.781250 0.437500
vt 0.765625 1.000000
vt 0.765625 0.000000
s 1
usemtl マテリアル
f 481/1/481 20/2/20 19/3/19 480/4/480
f 3/5/3 13/6/13 12/7/12 477/8/477
f 482/9/482 21/10/21 20/2/20 481/1/481
f 4/11/4 14/12/14 13/6/13 3/5/3
f 474/13/474 7/14/7 82/15/82
f 308/16/308 21/10/21 482/9/482
f 5/17/5 15/18/15 14/12/14 4/11/4
f 475/19/475 8/20/8 7/14/7 474/13/474
f 478/21/478 16/22/16 15/18/15 5/17/5
f 1/23/1 9/24/9 8/20/8 475/19/475
f 6/25/6 17/26/17 16/22/16 478/21/478
f 476/27/476 10/28/10 9/24/9 1/23/1
f 479/29/479 18/30/18 17/26/17 6/25/6
f 2/31/2 11/32/11 10/28/10 476/27/476
f 480/4/480 19/3/19 18/30/18 479/29/479
f 477/8/477 12/7/12 11/32/11 2/31/2
f 19/3/19 34/33/34 33/34/33 18/30/18
f 12/7/12 27/35/27 26/36/26 11/32/11
f 20/2/20 35/37/35 34/33/34 19/3/19
f 13/6/13 28/38/28 27/35/27 12/7/12
f 21/10/21 36/39/36 35/37/35 20/2/20
f 14/12/14 29/40/29 28/38/28 13/6/13
f 7/14/7 22/41/22 82/42/82
f 308/43/308 36/39/36 21/10/21
f 15/18/15 30/44/30 29/40/29 14/12/14
f 8/20/8 23/45/23 22/41/22 7/14/7
f 16/22/16 31/46/31 30/44/30 15/18/15
f 9/24/9 24/47/24 23/45/23 8/20/8
f 17/26/17 32/48/32 31/46/31 16/22/16
f 10/28/10 25/49/25 24/47/24 9/24/9
f 18/30/18 33/34/33 32/48/32 17/26/17
f 11/32/11 26/36/26 25/49/25 10/28/10
f 23/45/23 38/50/38 37/51/37 22/41/22
f 31/46/31 46/52/46 45/53/45 30/44/30
f 24/47/24 39/54/39 38/50/38 23/45/23
f 32/48/32 47/55/47 46/52/46 31/46/31
f 25/49/25 40/56/40 39/54/39 24/47/24
f 33/34/33 48/57/48 47/55/47 32/48/32
f 26/36/26 41/58/41 40/56/40 25/49/25
f 34/33/34 49/59/49 48/57/48 33/34/33
f 27/35/27 42/60/42 41/58/41 26/36/26
f 35/37/35 50/61/50 49/59/49 34/33/34
f 28/38/28 43/62/43 42/60/42 27/35/27
f 36/39/36 51/63/51 50/61/50 35/37/35
f 29/40/29 44/64/44 43/62/43 28/38/28
f 22/41/22 37/51/37 82/65/82
f 308/66/308 51/63/51 36/39/36
f 30/44/30 45/53/45 44/64/44 29/40/29
f 42/60/42 57/67/57 56/68/56 41/58/41
f 50/61/50 65/69/65 64/70/64 49/59/49
f 43/62/43 58/71/58 57/67/57 42/60/42
f 51/63/51 66/72/66 65/69/65 50/61/50
f 44/64/44 59/73/59 58/71/58 43/62/43
f 37/51/37 52/74/52 82/75/82
f 308/76/308 66/72/66 51/63/51
f 45/53/45 60/77/60 59/73/59 44/64/44
f 38/50/38 53/78/53 52/74/52 37/51/37
f 46/52/46 61/79/61 60/77/60 45/53/45
f 39/54/39 54/80/54 53/78/53 38/50/38
f 47/55/47 62/81/62 61/79/61 46/52/46
f 40/56/40 55/82/55 54/80/54 39/54/39
f 48/57/48 63/83/63 62/81/62 47/55/47
f 41/58/41 56/68/56 55/82/55 40/56/40
f 49/59/49 64/70/64 63/83/63 48/57/48
f 61/79/61 76/84/76 75/85/75 60/77/60
f 54/80/54 69/86/69 68/87/68 53/78/53
f 62/81/62 77/88/77 76/84/76 61/79/61
f 55/82/55 70/89/70 69/86/69 54/80/54
f 63/83/63 78/90/78 77/88/77 62/81/62
f 56/68/56 71/91/71 70/89/70 55/82/55
f 64/70/64 79/92/79 78/90/78 63/83/63
f 57/67/57 72/93/72 71/91/71 56/68/56
f 65/69/65 80/94/80 79/92/79 64/70/64
f 58/71/58 73/95/73 72/93/72 57/67/57
f 66/72/66 81/96/81 80/94/80 65/69/65
f 59/73/59 74/97/74 73/95/73 58/71/58
f 52/74/52 67/98/67 82/99/82
f 308/100/308 81/96/81 66/72/66
f 60/77/60 75/85/75 74/97/74 59/73/59
f 53/78/53 68/87/68 67/98/67 52/74/52
f 80/94/80 96/101/96 95/102/95 79/92/79
f 73/95/73 89/103/89 88/104/88 72/93/72
f 81/96/81 97/105/97 96/101/96 80/94/80
f 74/97/74 90/106/90 89/103/89 73/95/73
f 67/98/67 83/107/83 82/108/82
f 308/109/308 97/105/97 81/96/81
f 75/85/75 91/110/91 90/106/90 74/97/74
f 68/87/68 84/111/84 83/107/83 67/98/67
f 76/84/76 92/112/92 91/110/91 75/85/75
f 69/86/69 85/113/85 84/111/84 68/87/68
f 77/88/77 93/114/93 92/112/92 76/84/76
f 70/89/70 86/115/86 85/113/85 69/86/69
f 78/90/78 94/116/94 93/114/93 77/88/77
f 71/91/71 87/117/87 86/115/86 70/89/70
f 79/92/79 95/102/95 94/116/94 78/90/78
f 72/93/72 88/104/88 87/117/87 71/91/71
f 93/114/93 108/118/108 107/119/107 92/112/92
f 86/115/86 101/120/101 100/121/100 85/113/85
f 94/116/94 109/122/109 108/118/108 93/114/93
f 87/117/87 102/123/102 101/120/101 86/115/86
f 95/102/95 110/124/110 109/122/109 94/116/94
f 88/104/88 103/125/103 102/123/102 87/117/87
f 96/101/96 111/126/111 110/124/110 95/102/95
f 89/103/89 104/127/104 103/125/103 88/104/88
f 97/105/97 112/128/112 111/126/111 96/101/96
f 90/106/90 105/129/105 104/127/104 89/103/89
f 83/107/83 98/130/98 82/131/82
f 308/132/308 112/128/112 97/105/97
f 91/110/91 106/133/106 105/129/105 90/106/90
f 84/111/84 99/134/99 98/130/98 83/107/83
f 92/112/92 107/119/107 106/133/106 91/110/91
f 85/113/85 100/121/100 99/134/99 84/111/84
f 112/128/112 127/135/127 126/136/126 111/126/111
f 105/129/105 120/137/120 119/138/119 104/127/104
f 98/130/98 113/139/113 82/140/82
f 308/141/308 127/135/127 112/128/112
f 106/133/106 121/142/121 120/137/120 105/129/105
f 99/134/99 114/143/114 113/139/113 98/130/98
f 107/119/107 122/144/122 121/142/121 106/133/106
f 100/121/100 115/145/115 114/143/114 99/134/99
f 108/118/108 123/146/123 122/144/122 107/119/107
f 101/120/101 116/147/116 115/145/115 100/121/100
f 109/122/109 124/148/124 123/146/123 108/118/108
f 102/123/102 117/149/117 116/147/116 101/120/101
f 110/124/110 125/150/125 124/148/124 109/122/109
f 103/125/103 118/151/118 117/149/117 102/123/102
f 111/126/111 126/136/126 125/150/125 110/124/110
f 104/127/104 119/138/119 118/151/118 103/125/103
f 116/147/116 131/152/131 130/153/130 115/145/115
f 124/148/124 139/154/139 138/155/138 123/146/123
f 117/149/117 132/156/132 131/152/131 116/147/116
f 125/150/125 140/157/140 139/154/139 124/148/124
f 118/151/118 133/158/133 132/156/132 117/149/117
f 126/136/126 141/159/141 140/157/140 125/150/125
f 119/138/119 134/160/134 133/158/133 118/151/118
f 127/135/127 142/161/142 141/159/141 126/136/126
f 120/137/120 135/162/135 134/160/134 119/138/119
f 113/139/113 128/163/128 82/164/82
f 308/165/308 142/161/142 127/135/127
f 121/142/121 136/166/136 135/162/135 120/137/120
f 114/143/114 129/167/129 128/163/128 113/139/113
f 122/144/122 137/168/137 136/166/136 121/142/121
f 115/145/115 130/153/130 129/167/129 114/143/114
f 123/146/123 138/155/138 137/168/137 122/144/122
f 135/162/135 150/169/150 149/170/149 134/160/134
f 128/163/128 143/171/143 82/172/82
f 308/173/308 157/174/157 142/161/142
f 136/166/136 151/175/151 150/169/150 135/162/135
f 129/167/129 144/176/144 143/171/143 128/163/128
f 137/168/137 152/177/152 151/175/151 136/166/136
f 130/153/130 145/178/145 144/176/144 129/167/129
f 138/155/138 153/179/153 152/177/152 137/168/137
f 131/152/131 146/180/146 145/178/145 130/153/130
f 139/154/139 154/181/154 153/179/153 138/155/138
f 132/156/132 147/182/147 146/180/146 131/152/131
f 140/157/140 155/183/155 154/181/154 139/154/139
f 133/158/133 148/184/148 147/182/147 132/156/132
f 141/159/141 156/185/156 155/183/155 140/157/140
f 134/160/134 149/170/149 148/184/148 133/158/133
f 142/161/142 157/174/157 156/185/156 141/159/141
f 154/181/154 169/186/169 168/187/168 153/179/153
f 147/182/147 162/188/162 161/189/161 146/180/146
f 155/183/155 170/190/170 169/186/169 154/181/154
f 148/184/148 163/191/163 162/188/162 147/182/147
f 156/185/156 171/192/171 170/190/170 155/183/155
f 149/170/149 164/193/164 163/191/163 148/184/148
f 157/174/157 172/194/172 171/192/171 156/185/156
f 150/169/150 165/195/165 164/193/164 149/170/149
f 143/171/143 158/196/158 82/197/82
f 308/198/308 172/194/172 157/174/157
f 151/175/151 166/199/166 165/195/165 150/169/150
f 144/176/144 159/200/159 158/196/158 143/171/143
f 152/177/152 167/201/167 166/199/166 151/175/151
f 145/178/145 160/202/160 159/200/159 144/176/144
f 153/179/153 168/187/168 167/201/167 152/177/152
f 146/180/146 161/189/161 160/202/160 145/178/145
f 158/196/158 173/203/173 82/204/82
f 308/205/308 187/206/187 172/194/172
f 166/199/166 181/207/181 180/208/180 165/195/165
f 159/200/159 174/209/174 173/203/173 158/196/158
f 167/201/167 182/210/182 181/207/181 166/199/166
f 160/202/160 175/211/175 174/209/174 159/200/159
f 168/187/168 183/212/183 182/210/182 167/201/167
f 161/189/161 176/213/176 175/211/175 160/202/160
f 169/186/169 184/214/184 183/212/183 168/187/168
f 162/188/162 177/215/177 176/213/176 161/189/161
f 170/190/170 185/216/185 184/214/184 169/186/169
f 163/191/163 178/217/178 177/215/177 162/188/162
f 171/192/171 186/218/186 185/216/185 170/190/170
f 164/193/164 179/219/179 178/217/178 163/191/163
f 172/194/172 187/206/187 186/218/186 171/192/171
f 165/195/165 180/208/180 179/219/179 164/193/164
f 177/215/177 192/220/192 191/221/191 176/213/176
f 185/216/185 200/222/200 199/223/199 184/214/184
f 178/217/178 193/224/193 192/220/192 177/215/177
f 186/218/186 201/225/201 200/222/200 185/216/185
f 179/219/179 194/226/194 193/224/193 178/217/178
f 187/206/187 202/227/202 201/225/201 186/218/186
f 180/208/180 195/228/195 194/226/194 179/219/179
f 173/203/173 188/229/188 82/230/82
f 308/231/308 202/227/202 187/206/187
f 181/207/181 196/232/196 195/228/195 180/208/180
f 174/209/174 189/233/189 188/229/188 173/203/173
f 182/210/182 197/234/197 196/232/196 181/207/181
f 175/211/175 190/235/190 189/233/189 174/209/174
f 183/212/183 198/236/198 197/234/197 182/210/182
f 176/213/176 191/221/191 190/235/190 175/211/175
f 184/214/184 199/223/199 198/236/198 183/212/183
f 196/232/196 211/237/211 210/238/210 195/228/195
f 189/233/189 204/239/204 203/240/203 188/229/188
f 197/234/197 212/241/212 211/237/211 196/232/196
f 190/235/190 205/242/205 204/239/204 189/233/189
f 198/236/198 213/243/213 212/241/212 197/234/197
f 191/221/191 206/244/206 205/242/205 190/235/190
f 199/223/199 214/245/214 213/243/213 198/236/198
f 192/220/192 207/246/207 206/244/206 191/221/191
f 200/222/200 215/247/215 214/245/214 199/223/199
f 193/224/193 208/248/208 207/246/207 192/220/192
f 201/225/201 216/249/216 215/247/215 200/222/200
f 194/226/194 209/250/209 208/248/208 193/224/193
f 202/227/202 217/251/217 216/249/216 201/225/201
f 195/228/195 210/238/210 209/250/209 194/226/194
f 188/229/188 203/240/203 82/252/82
f 308/253/308 217/251/217 202/227/202
f 215/247/215 230/254/230 229/255/229 214/245/214
f 208/248/208 223/256/223 222/257/222 207/246/207
f 216/249/216 231/258/231 230/254/230 215/247/215
f 209/250/209 224/259/224 223/256/223 208/248/208
f 217/251/217 232/260/232 231/258/231 216/249/216
f 210/238/210 225/261/225 224/259/224 209/250/209
f 203/240/203 218/262/218 82/263/82
f 308/264/308 232/260/232 217/251/217
f 211/237/211 226/265/226 225/261/225 210/238/210
f 204/239/204 219/266/219 218/262/218 203/240/203
f 212/241/212 227/267/227 226/265/226 211/237/211
f 205/242/205 220/268/220 219/266/219 204/239/204
f 213/243/213 228/269/228 227/267/227 212/241/212
f 206/244/206 221/270/221 220/268/220 205/242/205
f 214/245/214 229/255/229 228/269/228 213/243/213
f 207/246/207 222/257/222 221/270/221 206/244/206
f 227/267/227 242/271/242 241/272/241 226/265/226
f 220/268/220 235/273/235 234/274/234 219/266/219
f 228/269/228 243/275/243 242/271/242 227/267/227
f 221/270/221 236/276/236 235/273/235 220/268/220
f 229/255/229 244/277/244 243/275/243 228/269/228
f 222/257/222 237/278/237 236/276/236 221/270/221
f 230/254/230 245/279/245 244/277/244 229/255/229
f 223/256/223 238/280/238 237/278/237 222/257/222
f 231/258/231 246/281/246 245/279/245 230/254/230
f 224/259/224 239/282/239 238/280/238 223/256/223
f 232/260/232 247/283/247 246/281/246 231/258/231
f 225/261/225 240/284/240 239/282/239 224/259/224
f 218/262/218 233/285/233 82/286/82
f 308/287/308 247/283/247 232/260/232
f 226/265/226 241/272/241 240/284/240 225/261/225
f 219/266/219 234/274/234 233/285/233 218/262/218
f 246/281/246 261/288/261 260/289/260 245/279/245
f 239/282/239 254/290/254 253/291/253 238/280/238
f 247/283/247 262/292/262 261/288/261 246/281/246
f 240/284/240 255/293/255 254/290/254 239/282/239
f 233/285/233 248/294/248 82/295/82
f 308/296/308 262/292/262 247/283/247
f 241/272/241 256/297/256 255/293/255 240/284/240
f 234/274/234 249/298/249 248/294/248 233/285/233
f 242/271/242 257/299/257 256/297/256 241/272/241
f 235/273/235 250/300/250 249/298/249 234/274/234
f 243/275/243 258/301/258 257/299/257 242/271/242
f 236/276/236 251/302/251 250/300/250 235/273/235
f 244/277/244 259/303/259 258/301/258 243/275/243
f 237/278/237 252/304/252 251/302/251 236/276/236
f 245/279/245 260/289/260 259/303/259 244/277/244
f 238/280/238 253/291/253 252/304/252 237/278/237
f 250/300/250 265/305/265 264/306/264 249/298/249
f 258/301/258 273/307/273 272/308/272 257/299/257
f 251/302/251 266/309/266 265/305/265 250/300/250
f 259/303/259 274/310/274 273/307/273 258/301/258
f 252/304/252 267/311/267 266/309/266 251/302/251
f 260/289/260 275/312/275 274/310/274 259/303/259
f 253/291/253 268/313/268 267/311/267 252/304/252
f 261/288/261 276/314/276 275/312/275 260/289/260
f 254/290/254 269/315/269 268/313/268 253/291/253
f 262/292/262 277/316/277 276/314/276 261/288/261
f 255/293/255 270/317/270 269/315/269 254/290/254
f 248/294/248 263/318/263 82/319/82
f 308/320/308 277/316/277 262/292/262
f 256/297/256 271/321/271 270/317/270 255/293/255
f 249/298/249 264/306/264 263/318/263 248/294/248
f 257/299/257 272/308/272 271/321/271 256/297/256
f 269/315/269 284/322/284 283/323/283 268/313/268
f 277/316/277 292/324/292 291/325/291 276/314/276
f 270/317/270 285/326/285 284/322/284 269/315/269
f 263/318/263 278/327/278 82/328/82
f 308/329/308 292/324/292 277/316/277
f 271/321/271 286/330/286 285/326/285 270/317/270
f 264/306/264 279/331/279 278/327/278 263/318/263
f 272/308/272 287/332/287 286/330/286 271/321/271
f 265/305/265 280/333/280 279/331/279 264/306/264
f 273/307/273 288/334/288 287/332/287 272/308/272
f 266/309/266 281/335/281 280/333/280 265/305/265
f 274/310/274 289/336/289 288/334/288 273/307/273
f 267/311/267 282/337/282 281/335/281 266/309/266
f 275/312/275 290/338/290 289/336/289 274/310/274
f 268/313/268 283/323/283 282/337/282 267/311/267
f 276/314/276 291/325/291 290/338/290 275/312/275
f 288/334/288 303/339/303 302/340/302 287/332/287
f 281/335/281 296/341/296 295/342/295 280/333/280
f 289/336/289 304/343/304 303/339/303 288/334/288
f 282/337/282 297/344/297 296/341/296 281/335/281
f 290/338/290 305/345/305 304/343/304 289/336/289
f 283/323/283 298/346/298 297/344/297 282/337/282
f 291/325/291 306/347/306 305/345/305 290/338/290
f 284/322/284 299/348/299 298/346/298 283/323/283
f 292/324/292 307/349/307 306/347/306 291/325/291
f 285/326/285 300/350/300 299/348/299 284/322/284
f 278/327/278 293/351/293 82/352/82
f 308/353/308 307/349/307 292/324/292
f 286/330/286 301/354/301 300/350/300 285/326/285
f 279/331/279 294/355/294 293/351/293 278/327/278
f 287/332/287 302/340/302 301/354/301 286/330/286
f 280/333/280 295/342/295 294/355/294 279/331/279
f 307/349/307 323/356/323 322/357/322 306/347/306
f 300/350/300 316/358/316 315/359/315 299/348/299
f 293/351/293 309/360/309 82/361/82
f 308/362/308 323/356/323 307/349/307
f 301/354/301 317/363/317 316/358/316 300/350/300
f 294/355/294 310/364/310 309/360/309 293/351/293
f 302/340/302 318/365/318 317/363/317 301/354/301
f 295/342/295 311/366/311 310/364/310 294/355/294
f 303/339/303 319/367/319 318/365/318 302/340/302
f 296/341/296 312/368/312 311/366/311 295/342/295
f 304/343/304 320/369/320 319/367/319 303/339/303
f 297/344/297 313/370/313 312/368/312 296/341/296
f 305/345/305 321/371/321 320/369/320 304/343/304
f 298/346/298 314/372/314 313/370/313 297/344/297
f 306/347/306 322/357/322 321/371/321 305/345/305
f 299/348/299 315/359/315 314/372/314 298/346/298
f 312/368/312 327/373/327 326/374/326 311/366/311
f 320/369/320 335/375/335 334/376/334 319/367/319
f 313/370/313 328/377/328 327/373/327 312/368/312
f 321/371/321 336/378/336 335/375/335 320/369/320
f 314/372/314 329/379/329 328/377/328 313/370/313
f 322/357/322 337/380/337 336/378/336 321/371/321
f 315/359/315 330/381/330 329/379/329 314/372/314
f 323/356/323 338/382/338 337/380/337 322/357/322
f 316/358/316 331/383/331 330/381/330 315/359/315
f 309/360/309 324/384/324 82/385/82
f 308/386/308 338/382/338 323/356/323
f 317/363/317 332/387/332 331/383/331 316/358/316
f 310/364/310 325/388/325 324/384/324 309/360/309
f 318/365/318 333/389/333 332/387/332 317/363/317
f 311/366/311 326/374/326 325/388/325 310/364/310
f 319/367/319 334/376/334 333/389/333 318/365/318
f 331/383/331 346/390/346 345/391/345 330/381/330
f 324/384/324 339/392/339 82/393/82
f 308/394/308 353/395/353 338/382/338
f 332/387/332 347/396/347 346/390/346 331/383/331
f 325/388/325 340/397/340 339/392/339 324/384/324
f 333/389/333 348/398/348 347/396/347 332/387/332
f 326/374/326 341/399/341 340/397/340 325/388/325
f 334/376/334 349/400/349 348/398/348 333/389/333
f 327/373/327 342/401/342 341/399/341 326/374/326
f 335/375/335 350/402/350 349/400/349 334/376/334
f 328/377/328 343/403/343 342/401/342 327/373/327
f 336/378/336 351/404/351 350/402/350 335/375/335
f 329/379/329 344/405/344 343/403/343 328/377/328
f 337/380/337 352/406/352 351/404/351 336/378/336
f 330/381/330 345/391/345 344/405/344 329/379/329
f 338/382/338 353/395/353 352/406/352 337/380/337
f 350/402/350 365/407/365 364/408/364 349/400/349
f 343/403/343 358/409/358 357/410/357 342/401/342
f 351/404/351 366/411/366 365/407/365 350/402/350
f 344/405/344 359/412/359 358/409/358 343/403/343
f 352/406/352 367/413/367 366/411/366 351/404/351
f 345/391/345 360/414/360 359/412/359 344/405/344
f 353/395/353 368/415/368 367/413/367 352/406/352
f 346/390/346 361/416/361 360/414/360 345/391/345
f 339/392/339 354/417/354 82/418/82
f 308/419/308 368/415/368 353/395/353
f 347/396/347 362/420/362 361/416/361 346/390/346
f 340/397/340 355/421/355 354/417/354 339/392/339
f 348/398/348 363/422/363 362/420/362 347/396/347
f 341/399/341 356/423/356 355/421/355 340/397/340
f 349/400/349 364/408/364 363/422/363 348/398/348
f 342/401/342 357/410/357 356/423/356 341/399/341
f 308/424/308 383/425/383 368/426/368
f 362/427/362 377/428/377 376/429/376 361/430/361
f 355/431/355 370/432/370 369/433/369 354/434/354
f 363/435/363 378/436/378 377/428/377 362/427/362
f 356/437/356 371/438/371 370/432/370 355/431/355
f 364/439/364 379/440/379 378/436/378 363/435/363
f 357/441/357 372/442/372 371/438/371 356/437/356
f 365/443/365 380/444/380 379/440/379 364/439/364
f 358/445/358 373/446/373 372/442/372 357/441/357
f 366/447/366 381/448/381 380/444/380 365/443/365
f 359/449/359 374/450/374 373/446/373 358/445/358
f 367/451/367 382/452/382 381/448/381 366/447/366
f 360/453/360 375/454/375 374/450/374 359/449/359
f 368/426/368 383/425/383 382/452/382 367/451/367
f 361/430/361 376/429/376 375/454/375 360/453/360
f 354/434/354 369/433/369 82/455/82
f 381/448/381 396/456/396 395/457/395 380/444/380
f 374/450/374 389/458/389 388/459/388 373/446/373
f 382/452/382 397/460/397 396/456/396 381/448/381
f 375/454/375 390/461/390 389/458/389 374/450/374
f 383/425/383 398/462/398 397/460/397 382/452/382
f 376/429/376 391/463/391 390/461/390 375/454/375
f 369/433/369 384/464/384 82/465/82
f 308/466/308 398/462/398 383/425/383
f 377/428/377 392/467/392 391/463/391 376/429/376
f 370/432/370 385/468/385 384/464/384 369/433/369
f 378/436/378 393/469/393 392/467/392 377/428/377
f 371/438/371 386/470/386 385/468/385 370/432/370
f 379/440/379 394/471/394 393/469/393 378/436/378
f 372/442/372 387/472/387 386/470/386 371/438/371
f 380/444/380 395/457/395 394/471/394 379/440/379
f 373/446/373 388/459/388 387/472/387 372/442/372
f 385/468/385 400/473/400 399/474/399 384/464/384
f 393/469/393 408/475/408 407/476/407 392/467/392
f 386/470/386 401/477/401 400/473/400 385/468/385
f 394/471/394 409/478/409 408/475/408 393/469/393
f 387/472/387 402/479/402 401/477/401 386/470/386
f 395/457/395 410/480/410 409/478/409 394/471/394
f 388/459/388 403/481/403 402/479/402 387/472/387
f 396/456/396 411/482/411 410/480/410 395/457/395
f 389/458/389 404/483/404 403/481/403 388/459/388
f 397/460/397 412/484/412 411/482/411 396/456/396
f 390/461/390 405/485/405 404/483/404 389/458/389
f 398/462/398 413/486/413 412/484/412 397/460/397
f 391/463/391 406/487/406 405/485/405 390/461/390
f 384/464/384 399/474/399 82/488/82
f 308/489/308 413/486/413 398/462/398
f 392/467/392 407/476/407 406/487/406 391/463/391
f 404/483/404 419/490/419 418/491/418 403/481/403
f 412/484/412 427/492/427 426/493/426 411/482/411
f 405/485/405 420/494/420 419/490/419 404/483/404
f 413/486/413 428/495/428 427/492/427 412/484/412
f 406/487/406 421/496/421 420/494/420 405/485/405
f 399/474/399 414/497/414 82/498/82
f 308/499/308 428/495/428 413/486/413
f 407/476/407 422/500/422 421/496/421 406/487/406
f 400/473/400 415/501/415 414/497/414 399/474/399
f 408/475/408 423/502/423 422/500/422 407/476/407
f 401/477/401 416/503/416 415/501/415 400/473/400
f 409/478/409 424/504/424 423/502/423 408/475/408
f 402/479/402 417/505/417 416/503/416 401/477/401
f 410/480/410 425/506/425 424/504/424 409/478/409
f 403/481/403 418/491/418 417/505/417 402/479/402
f 411/482/411 426/493/426 425/506/425 410/480/410
f 423/502/423 438/507/438 437/508/437 422/500/422
f 416/503/416 431/509/431 430/510/430 415/501/415
f 424/504/424 439/511/439 438/507/438 423/502/423
f 417/505/417 432/512/432 431/509/431 416/503/416
f 425/506/425 440/513/440 439/511/439 424/504/424
f 418/491/418 433/514/433 432/512/432 417/505/417
f 426/493/426 441/515/441 440/513/440 425/506/425
f 419/490/419 434/516/434 433/514/433 418/491/418
f 427/492/427 442/517/442 441/515/441 426/493/426
f 420/494/420 435/518/435 434/516/434 419/490/419
f 428/495/428 443/519/443 442/517/442 427/492/427
f 421/496/421 436/520/436 435/518/435 420/494/420
f 414/497/414 429/521/429 82/522/82
f 308/523/308 443/519/443 428/495/428
f 422/500/422 437/508/437 436/520/436 421/496/421
f 415/501/415 430/510/430 429/521/429 414/497/414
f 442/517/442 457/524/457 456/525/456 441/515/441
f 435/518/435 450/526/450 449/527/449 434/516/434
f 443/519/443 458/528/458 457/524/457 442/517/442
f 436/520/436 451/529/451 450/526/450 435/518/435
f 429/521/429 444/530/444 82/531/82
f 308/532/308 458/528/458 443/519/443
f 437/508/437 452/533/452 451/529/451 436/520/436
f 430/510/430 445/534/445 444/530/444 429/521/429
f 438/507/438 453/535/453 452/533/452 437/508/437
f 431/509/431 446/536/446 445/534/445 430/510/430
f 439/511/439 454/537/454 453/535/453 438/507/438
f 432/512/432 447/538/447 446/536/446 431/509/431
f 440/513/440 455/539/455 454/537/454 439/511/439
f 433/514/433 448/540/448 447/538/447 432/512/432
f 441/515/441 456/525/456 455/539/455 440/513/440
f 434/516/434 449/527/449 448/540/448 433/514/433
f 446/536/446 461/541/461 460/542/460 445/534/445
f 454/537/454 469/543/469 468/544/468 453/535/453
f 447/538/447 462/545/462 461/541/461 446/536/446
f 455/539/455 470/546/470 469/543/469 454/537/454
f 448/540/448 463/547/463 462/545/462 447/538/447
f 456/525/456 471/548/471 470/546/470 455/539/455
f 449/527/449 464/549/464 463/547/463 448/540/448
f 457/524/457 472/550/472 471/548/471 456/525/456
f 450/526/450 465/551/465 464/549/464 449/527/449
f 458/528/458 473/552/473 472/550/472 457/524/457
f 451/529/451 466/553/466 465/551/465 450/526/450
f 444/530/444 459/554/459 82/555/82
f 308/556/308 473/552/473 458/528/458
f 452/533/452 467/557/467 466/553/466 451/529/451
f 445/534/445 460/542/460 459/554/459 444/530/444
f 453/535/453 468/544/468 467/557/467 452/533/452
f 465/551/465 3/5/3 477/8/477 464/549/464
f 473/552/473 482/9/482 481/1/481 472/550/472
f 466/553/466 4/11/4 3/5/3 465/551/465
f 459/554/459 474/13/474 82/558/82
f 308/559/308 482/9/482 473/552/473
f 467/557/467 5/17/5 4/11/4 466/553/466
f 460/542/460 475/19/475 474/13/474 459/554/459
f 468/544/468 478/21/478 5/17/5 467/557/467
f 461/541/461 1/23/1 475/19/475 460/542/460
f 469/543/469 6/25/6 478/21/478 468/544/468
f 462/545/462 476/27/476 1/23/1 461/541/461
f 470/546/470 479/29/479 6/25/6 469/543/469
f 463/547/463 2/31/2 476/27/476 462/545/462
f 471/548/471 480/4/480 479/29/479 470/546/470
f 464/549/464 477/8/477 2/31/2 463/547/463
f 472/550/472 481/1/481 480/4/480 471/548/471
o 球.001
v 0.000000 0.831470 -0.555570
v 0.000000 0.555570 -0.831470
v 0.000000 0.195090 -0.980785
v 0.000000 -0.000000 -1.000000
v 0.000000 -0.195090 -0.980785
v 0.000000 -0.555570 -0.831470
v -0.038060 0.980785 -0.191342
v -0.074658 0.923880 -0.375330
v -0.108386 0.831470 -0.544895
v -0.137950 0.707107 -0.693520
v -0.162212 0.555570 -0.815493
v -0.180240 0.382683 -0.906127
v -0.191342 0.195090 -0.961940
v -0.195090 -0.000000 -0.980785
v -0.191342 -0.195090 -0.961940
v -0.180240 -0.382683 -0.906127
v -0.162212 -0.555570 -0.815493
v -0.137950 -0.707107 -0.693520
v -0.108386 -0.831470 -0.544895
v -0.074658 -0.923880 -0.375330
v -0.038060 -0.980785 -0.191342
v -0.074658 0.980785 -0.180240
v -0.146447 0.923880 -0.353553
v -0.212607 0.831470 -0.513280
v -0.270598 0.707107 -0.653281
v -0.318190 0.555570 -0.768178
v -0.353553 0.382683 -0.853553
v -0.375330 0.195090 -0.906127
v -0.382683 -0.000000 -0.923879
v -0.375330 -0.195090 -0.906127
v -0.353553 -0.382683 -0.853553
v -0.318190 -0.555570 -0.768178
v -0.270598 -0.707107 -0.653281
v -0.212607 -0.831470 -0.513280
v -0.146447 -0.923880 -0.353553
v -0.074658 -0.980785 -0.180240
v -0.108386 0.980785 -0.162212
v -0.212607 0.923880 -0.318190
v -0.308658 0.831470 -0.461940
v -0.392847 0.707107 -0.587938
v -0.461940 0.555570 -0.691342
v -0.513280 0.382683 -0.768178
v -0.544895 0.195090 -0.815493
v -0.555570 -0.000000 -0.831469
v -0.544895 -0.195090 -0.815493
v -0.513280 -0.382683 -0.768178
v -0.461940 -0.555570 -0.691342
v -0.392847 -0.707107 -0.587938
v -0.308658 -0.831470 -0.461940
v -0.212607 -0.923880 -0.318190
v -0.108386 -0.980785 -0.162212
v -0.137950 0.980785 -0.137950
v -0.270598 0.923880 -0.270598
v -0.392847 0.831470 -0.392847
v -0.500000 0.707107 -0.500000
v -0.587938 0.555570 -0.587938
v -0.653281 0.382683 -0.653281
v -0.693520 0.195090 -0.693520
v -0.707107 -0.000000 -0.707107
v -0.693520 -0.195090 -0.693520
v -0.653281 -0.382683 -0.653281
v -0.587938 -0.555570 -0.587938
v -0.500000 -0.707107 -0.500000
v -0.392847 -0.831470 -0.392847
v -0.270598 -0.923880 -0.270598
v -0.137950 -0.980785 -0.137950
v -0.162212 0.980785 -0.108386
v -0.318190 0.923880 -0.212608
v -0.461940 0.831470 -0.308658
v -0.587938 0.707107 -0.392847
v -0.691342 0.555570 -0.461940
v -0.768178 0.382683 -0.513280
v -0.815493 0.195090 -0.544895
v -0.831469 -0.000000 -0.555570
v -0.815493 -0.195090 -0.544895
v -0.768178 -0.382683 -0.513280
v -0.691342 -0.555570 -0.461940
v -0.587938 -0.707107 -0.392847
v -0.461940 -0.831470 -0.308658
v -0.318190 -0.923880 -0.212608
v -0.162212 -0.980785 -0.108386
v 0.000000 1.000000 -0.000000
v -0.180240 0.980785 -0.074658
v -0.353553 0.923880 -0.146447
v -0.513280 0.831470 -0.212607
v -0.653281 0.707107 -0.270598
v -0.768178 0.555570 -0.318190
v -0.853553 0.382683 -0.353553
v -0.906127 0.195090 -0.375330
v -0.923879 -0.000000 -0.382683
v -0.906127 -0.195090 -0.375330
v -0.853553 -0.382683 -0.353553
v -0.768178 -0.555570 -0.318190
v -0.653281 -0.707107 -0.270598
v -0.513280 -0.831470 -0.212607
v -0.353553 -0.923880 -0.146447
v -0.180240 -0.980785 -0.074658
v -0.191342 0.980785 -0.038060
v -0.375330 0.923880 -0.074658
v -0.544895 0.831470 -0.108386
v -0.693520 0.707107 -0.137950
v -0.815493 0.555570 -0.162212
v -0.906127 0.382683 -0.180240
v -0.961940 0.195090 -0.191342
v -0.980785 -0.000000 -0.195090
v -0.961940 -0.195090 -0.191342
v -0.906127 -0.382683 -0.180240
v -0.815493 -0.555570 -0.162212
v -0.693520 -0.707107 -0.137950
v -0.544895 -0.831470 -0.108386
v -0.375330 -0.923880 -0.074658
v -0.191342 -0.980785 -0.038060
v -0.195090 0.980785 -0.000000
v -0.382683 0.923880 -0.000000
v -0.555570 0.831470 -0.000000
v -0.707107 0.707107 -0.000000
v -0.831469 0.555570 -0.000000
v -0.923879 0.382683 -0.000000
v -0.980785 0.195090 -0.000000
v -1.000000 0.000000 0.000000
v -0.980785 -0.195090 0.000000
v -0.923879 -0.382683 0.000000
v -0.831469 -0.555570 0.000000
v -0.707107 -0.707107 0.000000
v -0.555570 -0.831470 0.000000
v -0.382683 -0.923880 0.000000
v -0.195090 -0.980785 0.000000
v -0.191342 0.980785 0.038060
v -0.375330 0.923880 0.074658
v -0.544895 0.831470 0.108386
v -0.693520 0.707107 0.137950
v -0.815493 0.555570 0.162212
v -0.906127 0.382683 0.180240
v -0.961939 0.195090 0.191342
v -0.980785 0.000000 0.195090
v -0.961939 -0.195090 0.191342
v -0.906127 -0.382683 0.180240
v -0.815493 -0.555570 0.162212
v -0.693520 -0.707107 0.137950
v -0.544895 -0.831470 0.108386
v -0.375330 -0.923880 0.074658
v -0.191342 -0.980785 0.038060
v -0.180240 0.980785 0.074658
v -0.353553 0.923880 0.146447
v -0.513280 0.831470 0.212608
v -0.653281 0.707107 0.270598
v -0.768177 0.555570 0.318190
v -0.853553 0.382683 0.353553
v -0.906127 0.195090 0.375330
v -0.923879 0.000000 0.382683
v -0.906127 -0.195090 0.375330
v -0.853553 -0.382683 0.353553
v -0.768177 -0.555570 0.318190
v -0.653281 -0.707107 0.270598
v -0.513280 -0.831470 0.212608
v -0.353553 -0.923880 0.146447
v -0.180240 -0.980785 0.074658
v -0.162212 0.980785 0.108386
v -0.318190 0.923880 0.212608
v -0.461940 0.831470 0.308658
v -0.587938 0.707107 0.392847
v -0.691341 0.555570 0.461940
v -0.768178 0.382683 0.513280
v -0.815493 0.195090 0.544895
v -0.831469 0.000000 0.555570
v -0.815493 -0.195090 0.544895
v -0.768178 -0.382683 0.513280
v -0.691341 -0.555570 0.461940
v -0.587938 -0.707107 0.392847
v -0.461940 -0.831470 0.308658
v -0.318190 -0.923880 0.212608
v -0.162212 -0.980785 0.108386
v -0.137950 0.980785 0.137950
v -0.270598 0.923880 0.270598
v -0.392847 0.831470 0.392847
v -0.500000 0.707107 0.500000
v -0.587937 0.555570 0.587938
v -0.653281 0.382683 0.653281
v -0.693520 0.195090 0.693520
v -0.707106 0.000000 0.707107
v -0.693520 -0.195090 0.693520
v -0.653281 -0.382683 0.653281
v -0.587937 -0.555570 0.587938
v -0.500000 -0.707107 0.500000
v -0.392847 -0.831470 0.392847
v -0.270598 -0.923880 0.270598
v -0.137950 -0.980785 0.137950
v -0.108386 0.980785 0.162212
v -0.212607 0.923880 0.318190
v -0.308658 0.831470 0.461940
v -0.392847 0.707107 0.587938
v -0.461939 0.555570 0.691342
v -0.513280 0.382683 0.768178
v -0.544895 0.195090 0.815493
v -0.555570 0.000000 0.831469
v -0.544895 -0.195090 0.815493
v -0.513280 -0.382683 0.768178
v -0.461939 -0.555570 0.691342
v -0.392847 -0.707107 0.587938
v -0.308658 -0.831470 0.461940
v -0.212607 -0.923880 0.318190
v -0.108386 -0.980785 0.162212
v -0.074658 0.980785 0.180240
v -0.146446 0.923880 0.353553
v -0.212607 0.831470 0.513280
v -0.270598 0.707107 0.653281
v -0.318189 0.555570 0.768178
v -0.353553 0.382683 0.853553
v -0.375330 0.195090 0.906127
v -0.382683 0.000000 0.923879
v -0.375330 -0.195090 0.906127
v -0.353553 -0.382683 0.853553
v -0.318189 -0.555570 0.768178
v -0.270598 -0.707107 0.653281
v -0.212607 -0.831470 0.513280
v -0.146446 -0.923880 0.353553
v -0.074658 -0.980785 0.180240
v -0.038060 0.980785 0.191342
v -0.074658 0.923880 0.375330
v -0.108386 0.831470 0.544895
v -0.137950 0.707107 0.693520
v -0.162211 0.555570 0.815493
v -0.180240 0.382683 0.906127
v -0.191341 0.195090 0.961939
v -0.195090 0.000000 0.980785
v -0.191341 -0.195090 0.961939
v -0.180240 -0.382683 0.906127
v -0.162211 -0.555570 0.815493
v -0.137950 -0.707107 0.693520
v -0.108386 -0.831470 0.544895
v -0.074658 -0.923880 0.375330
v -0.038060 -0.980785 0.191342
v 0.000000 0.980785 0.195090
v 0.000000 0.923880 0.382683
v 0.000000 0.831470 0.555570
v 0.000000 0.707107 0.707107
v 0.000000 0.555570 0.831469
v 0.000000 0.382683 0.923879
v 0.000000 0.195090 0.980785
v 0.000000 0.000000 0.999999
v 0.000000 -0.195090 0.980785
v 0.000000 -0.382683 0.923879
v 0.000000 -0.555570 0.831469
v 0.000000 -0.707107 0.707107
v 0.000000 -0.831470 0.555570
v 0.000000 -0.923880 0.382683
v 0.000000 -0.980785 0.195090
v 0.038060 0.980785 0.191342
v 0.074658 0.923880 0.375330
v 0.108387 0.831470 0.544895
v 0.137950 0.707107 0.693520
v 0.162212 0.555570 0.815493
v 0.180240 0.382683 0.906127
v 0.191342 0.195090 0.961939
v 0.195091 0.000000 0.980785
v 0.191342 -0.195090 0.961939
v 0.180240 -0.382683 0.906127
v 0.162212 -0.555570 0.815493
v 0.137950 -0.707107 0.693520
v 0.108387 -0.831470 0.544895
v 0.074658 -0.923880 0.375330
v 0.038060 -0.980785 0.191342
v 0.074658 0.980785 0.180240
v 0.146447 0.923880 0.353553
v 0.212608 0.831470 0.513280
v 0.270598 0.707107 0.653281
v 0.318190 0.555570 0.768177
v 0.353553 0.382683 0.853553
v 0.375330 0.195090 0.906127
v 0.382684 0.000000 0.923879
v 0.375330 -0.195090 0.906127
v 0.353553 -0.382683 0.853553
v 0.318190 -0.555570 0.768177
v 0.270598 -0.707107 0.653281
v 0.212608 -0.831470 0.513280
v 0.146447 -0.923880 0.353553
v 0.074658 -0.980785 0.180240
v 0.108386 0.980785 0.162212
v 0.212608 0.923880 0.318190
v 0.308658 0.831470 0.461939
v 0.392847 0.707107 0.587938
v 0.461940 0.555570 0.691341
v 0.513280 0.382683 0.768178
v 0.544895 0.195090 0.815493
v 0.555570 0.000000 0.831469
v 0.544895 -0.195090 0.815493
v 0.513280 -0.382683 0.768178
v 0.461940 -0.555570 0.691341
v 0.392847 -0.707107 0.587938
v 0.308658 -0.831470 0.461939
v 0.212608 -0.923880 0.318190
v 0.108386 -0.980785 0.162212
v 0.137950 0.980785 0.137950
v 0.270598 0.923880 0.270598
v 0.392847 0.831470 0.392847
v 0.500000 0.707107 0.500000
v 0.587938 0.555570 0.587937
v 0.653281 0.382683 0.653281
v 0.693520 0.195090 0.693520
v 0.707107 0.000000 0.707106
v 0.693520 -0.195090 0.693520
v 0.653281 -0.382683 0.653281
v 0.587938 -0.555570 0.587937
v 0.500000 -0.707107 0.500000
v 0.392847 -0.831470 0.392847
v 0.270598 -0.923880 0.270598
v 0.137950 -0.980785 0.137950
v 0.000000 -1.000000 0.000000
v 0.162212 0.980785 0.108386
v 0.318190 0.923880 0.212607
v 0.461940 0.831470 0.308658
v 0.587938 0.707107 0.392847
v 0.691342 0.555570 0.461939
v 0.768178 0.382683 0.513280
v 0.815493 0.195090 0.544895
v 0.831469 0.000000 0.555569
v 0.815493 -0.195090 0.544895
v 0.768178 -0.382683 0.513280
v 0.691342 -0.555570 0.461939
v 0.587938 -0.707107 0.392847
v 0.461940 -0.831470 0.308658
v 0.318190 -0.923880 0.212607
v 0.162212 -0.980785 0.108386
v 0.180240 0.980785 0.074658
v 0.353553 0.923880 0.146447
v 0.513280 0.831470 0.212607
v 0.653281 0.707107 0.270598
v 0.768178 0.555570 0.318189
v 0.853553 0.382683 0.353553
v 0.906127 0.195090 0.375330
v 0.923879 0.000000 0.382683
v 0.906127 -0.195090 0.375330
v 0.853553 -0.382683 0.353553
v 0.768178 -0.555570 0.318189
v 0.653281 -0.707107 0.270598
v 0.513280 -0.831470 0.212607
v 0.353553 -0.923880 0.146447
v 0.180240 -0.980785 0.074658
v 0.191342 0.980785 0.038060
v 0.375330 0.923880 0.074658
v 0.544895 0.831470 0.108386
v 0.693520 0.707107 0.137950
v 0.815493 0.555570 0.162211
v 0.906127 0.382683 0.180240
v 0.961940 0.195090 0.191341
v 0.980785 0.000000 0.195090
v 0.961940 -0.195090 0.191341
v 0.906127 -0.382683 0.180240
v 0.815493 -0.555570 0.162211
v 0.693520 -0.707107 0.137950
v 0.544895 -0.831470 0.108386
v 0.375330 -0.923880 0.074658
v 0.191342 -0.980785 0.038060
v 0.195090 0.980785 -0.000000
v 0.382683 0.923880 -0.000000
v 0.555570 0.831470 -0.000000
v 0.707107 0.707107 -0.000000
v 0.831469 0.555570 -0.000000
v 0.923879 0.382683 -0.000000
v 0.980785 0.195090 -0.000000
v 0.999999 0.000000 0.000000
v 0.980785 -0.195090 0.000000
v 0.923879 -0.382683 0.000000
v 0.831469 -0.555570 0.000000
v 0.707107 -0.707107 0.000000
v 0.555570 -0.831470 0.000000
v 0.382683 -0.923880 0.000000
v 0.195090 -0.980785 0.000000
v 0.191342 0.980785 -0.038060
v 0.375330 0.923880 -0.074658
v 0.544895 0.831470 -0.108386
v 0.693520 0.707107 -0.137950
v 0.815493 0.555570 -0.162212
v 0.906127 0.382683 -0.180240
v 0.961939 0.195090 -0.191342
v 0.980784 -0.000000 -0.195091
v 0.961939 -0.195090 -0.191342
v 0.906127 -0.382683 -0.180240
v 0.815493 -0.555570 -0.162212
v 0.693520 -0.707107 -0.137950
v 0.544895 -0.831470 -0.108386
v 0.375330 -0.923880 -0.074658
v 0.191342 -0.980785 -0.038060
v 0.180240 0.980785 -0.074658
v 0.353553 0.923880 -0.146447
v 0.513280 0.831470 -0.212607
v 0.653281 0.707107 -0.270598
v 0.768177 0.555570 -0.318190
v 0.853553 0.382683 -0.353553
v 0.906127 0.195090 -0.375330
v 0.923879 -0.000000 -0.382683
v 0.906127 -0.195090 -0.375330
v 0.853553 -0.382683 -0.353553
v 0.768177 -0.555570 -0.318190
v 0.653281 -0.707107 -0.270598
v 0.513280 -0.831470 -0.212607
v 0.353553 -0.923880 -0.146447
v 0.180240 -0.980785 -0.074658
v 0.162212 0.980785 -0.108386
v 0.318190 0.923880 -0.212607
v 0.461939 0.831470 -0.308658
v 0.587938 0.707107 -0.392847
v 0.691341 0.555570 -0.461940
v 0.768178 0.382683 -0.513280
v 0.815493 0.195090 -0.544895
v 0.831469 -0.000000 -0.555570
v 0.815493 -0.195090 -0.544895
v 0.768178 -0.382683 -0.513280
v 0.691341 -0.555570 -0.461940
v 0.587938 -0.707107 -0.392847
v 0.461939 -0.831470 -0.308658
v 0.318190 -0.923880 -0.212607
v 0.162212 -0.980785 -0.108386
v 0.137950 0.980785 -0.137950
v 0.270598 0.923880 -0.270598
v 0.392847 0.831470 -0.392847
v 0.500000 0.707107 -0.500000
v 0.587937 0.555570 -0.587938
v 0.653281 0.382683 -0.653281
v 0.693519 0.195090 -0.693520
v 0.707106 -0.000000 -0.707106
v 0.693519 -0.195090 -0.693520
v 0.653281 -0.382683 -0.653281
v 0.587937 -0.555570 -0.587938
v 0.500000 -0.707107 -0.500000
v 0.392847 -0.831470 -0.392847
v 0.270598 -0.923880 -0.270598
v 0.137950 -0.980785 -0.137950
v 0.108386 0.980785 -0.162212
v 0.212607 0.923880 -0.318190
v 0.308658 0.831470 -0.461939
v 0.392847 0.707107 -0.587938
v 0.461939 0.555570 -0.691341
v 0.513280 0.382683 -0.768177
v 0.544895 0.195090 -0.815493
v 0.555569 -0.000000 -0.831469
v 0.544895 -0.195090 -0.815493
v 0.513280 -0.382683 -0.768177
v 0.461939 -0.555570 -0.691341
v 0.392847 -0.707107 -0.587938
v 0.308658 -0.831470 -0.461939
v 0.212607 -0.923880 -0.318190
v 0.108386 -0.980785 -0.162212
v 0.074658 0.980785 -0.180240
v 0.146447 0.923880 -0.353553
v 0.212607 0.831470 -0.513279
v 0.270598 0.707107 -0.653281
v 0.318189 0.555570 -0.768177
v 0.353553 0.382683 -0.853553
v 0.375330 0.195090 -0.906127
v 0.382683 -0.000000 -0.923879
v 0.375330 -0.195090 -0.906127
v 0.353553 -0.382683 -0.853553
v 0.318189 -0.555570 -0.768177
v 0.270598 -0.707107 -0.653281
v 0.212607 -0.831470 -0.513279
v 0.146447 -0.923880 -0.353553
v 0.074658 -0.980785 -0.180240
v 0.038060 0.980785 -0.191342
v 0.074658 0.923880 -0.375330
v 0.108386 0.831470 -0.544895
v 0.137950 0.707107 -0.693520
v 0.162211 0.555570 -0.815493
v 0.180240 0.382683 -0.906127
v 0.191341 0.195090 -0.961939
v 0.195090 -0.000000 -0.980784
v 0.191341 -0.195090 -0.961939
v 0.180240 -0.382683 -0.906127
v 0.162211 -0.555570 -0.815493
v 0.137950 -0.707107 -0.693520
v 0.108386 -0.831470 -0.544895
v 0.074658 -0.923880 -0.375330
v 0.038060 -0.980785 -0.191342
v 0.000000 0.980785 -0.195090
v 0.000000 0.923880 -0.382683
v 0.000000 0.707107 -0.707107
v 0.000000 0.382683 -0.923879
v 0.000000 -0.382683 -0.923879
v 0.000000 -0.707107 -0.707107
v 0.000000 -0.831470 -0.555570
v 0.000000 -0.923880 -0.382683
v 0.000000 -0.980785 -0.195090
vn -0.0000 -0.9217 -0.3879
vn -0.0757 -0.9217 -0.3804
vn -0.1092 -0.8286 -0.5490
vn -0.0000 -0.8286 -0.5598
vn -0.0000 0.1939 -0.9810
vn -0.1914 0.1939 -0.9622
vn -0.1804 0.3805 -0.9070
vn -0.0000 0.3805 -0.9248
vn -0.0000 -0.9796 -0.2010
vn -0.0392 -0.9796 -0.1971
vn -0.0000 -0.0000 -1.0000
vn -0.1951 -0.0000 -0.9808
vn -0.0000 0.9796 -0.2010
vn -0.0392 0.9796 -0.1971
vn -0.0000 1.0000 -0.0000
vn -0.0000 -1.0000 -0.0000
vn -0.0000 -0.1939 -0.9810
vn -0.1914 -0.1939 -0.9622
vn -0.0000 0.9217 -0.3879
vn -0.0757 0.9217 -0.3804
vn -0.0000 -0.3805 -0.9248
vn -0.1804 -0.3805 -0.9070
vn -0.0000 0.8286 -0.5598
vn -0.1092 0.8286 -0.5490
vn -0.0000 -0.5528 -0.8333
vn -0.1626 -0.5528 -0.8173
vn -0.0000 0.7041 -0.7101
vn -0.1385 0.7041 -0.6965
vn -0.0000 -0.7041 -0.7101
vn -0.1385 -0.7041 -0.6965
vn -0.0000 0.5528 -0.8333
vn -0.1626 0.5528 -0.8173
vn -0.2142 -0.8286 -0.5172
vn -0.2718 -0.7041 -0.6561
vn -0.3539 0.3805 -0.8544
vn -0.3189 0.5528 -0.7699
vn -0.1484 -0.9217 -0.3584
vn -0.3754 0.1939 -0.9063
vn -0.0769 -0.9796 -0.1857
vn -0.3827 -0.0000 -0.9239
vn -0.0769 0.9796 -0.1857
vn -0.3754 -0.1939 -0.9063
vn -0.1484 0.9217 -0.3584
vn -0.3539 -0.3805 -0.8544
vn -0.2142 0.8286 -0.5172
vn -0.3189 -0.5528 -0.7699
vn -0.2718 0.7041 -0.6561
vn -0.2155 0.9217 -0.3225
vn -0.1116 0.9796 -0.1671
vn -0.5138 -0.3805 -0.7689
vn -0.5450 -0.1939 -0.8157
vn -0.3110 0.8286 -0.4654
vn -0.4630 -0.5528 -0.6929
vn -0.3945 0.7041 -0.5905
vn -0.3945 -0.7041 -0.5905
vn -0.4630 0.5528 -0.6929
vn -0.3110 -0.8286 -0.4654
vn -0.5138 0.3805 -0.7689
vn -0.2155 -0.9217 -0.3225
vn -0.5450 0.1939 -0.8157
vn -0.1116 -0.9796 -0.1671
vn -0.5556 -0.0000 -0.8315
vn -0.6539 0.3805 -0.6539
vn -0.5893 0.5528 -0.5893
vn -0.2743 -0.9217 -0.2743
vn -0.3958 -0.8286 -0.3958
vn -0.6937 0.1939 -0.6937
vn -0.1421 -0.9796 -0.1421
vn -0.7071 -0.0000 -0.7071
vn -0.1421 0.9796 -0.1421
vn -0.6937 -0.1939 -0.6937
vn -0.2743 0.9217 -0.2743
vn -0.6539 -0.3805 -0.6539
vn -0.3958 0.8286 -0.3958
vn -0.5893 -0.5528 -0.5893
vn -0.5021 0.7041 -0.5021
vn -0.5021 -0.7041 -0.5021
vn -0.7689 -0.3805 -0.5138
vn -0.8157 -0.1939 -0.5450
vn -0.4654 0.8286 -0.3110
vn -0.3225 0.9217 -0.2155
vn -0.6929 -0.5528 -0.4630
vn -0.5905 0.7041 -0.3945
vn -0.5905 -0.7041 -0.3945
vn -0.6929 0.5528 -0.4630
vn -0.4654 -0.8286 -0.3110
vn -0.7689 0.3805 -0.5138
vn -0.3225 -0.9217 -0.2155
vn -0.8157 0.1939 -0.5450
vn -0.1671 -0.9796 -0.1116
vn -0.8315 -0.0000 -0.5556
vn -0.1671 0.9796 -0.1116
vn -0.3584 -0.9217 -0.1484
vn -0.5172 -0.8286 -0.2142
vn -0.9063 0.1939 -0.3754
vn -0.8544 0.3805 -0.3539
vn -0.1857 -0.9796 -0.0769
vn -0.9239 -0.0000 -0.3827
vn -0.1857 0.9796 -0.0769
vn -0.9063 -0.1939 -0.3754
vn -0.3584 0.9217 -0.1484
vn -0.8544 -0.3805 -0.3539
vn -0.5172 0.8286 -0.2142
vn -0.7699 -0.5528 -0.3189
vn -0.6561 0.7041 -0.2718
vn -0.6561 -0.7041 -0.2718
vn -0.7699 0.5528 -0.3189
vn -0.8173 -0.5528 -0.1626
vn -0.9070 -0.3805 -0.1804
vn -0.6965 0.7041 -0.1385
vn -0.5490 0.8286 -0.1092
vn -0.6965 -0.7041 -0.1385
vn -0.8173 0.5528 -0.1626
vn -0.5490 -0.8286 -0.1092
vn -0.9070 0.3805 -0.1804
vn -0.3804 -0.9217 -0.0757
vn -0.9622 0.1939 -0.1914
vn -0.1971 -0.9796 -0.0392
vn -0.9808 -0.0000 -0.1951
vn -0.1971 0.9796 -0.0392
vn -0.9622 -0.1939 -0.1914
vn -0.3804 0.9217 -0.0757
vn -0.2010 -0.9796 -0.0000
vn -0.3879 -0.9217 -0.0000
vn -1.0000 -0.0000 -0.0000
vn -0.9810 0.1939 -0.0000
vn -0.2010 0.9796 -0.0000
vn -0.9810 -0.1939 -0.0000
vn -0.3879 0.9217 -0.0000
vn -0.9248 -0.3805 -0.0000
vn -0.5598 0.8286 -0.0000
vn -0.8333 -0.5528 -0.0000
vn -0.7101 0.7041 -0.0000
vn -0.7101 -0.7041 -0.0000
vn -0.8333 0.5528 -0.0000
vn -0.5598 -0.8286 -0.0000
vn -0.9248 0.3805 -0.0000
vn -0.6965 0.7041 0.1385
vn -0.5490 0.8286 0.1092
vn -0.6965 -0.7041 0.1385
vn -0.8173 -0.5528 0.1626
vn -0.8173 0.5528 0.1626
vn -0.5490 -0.8286 0.1092
vn -0.9070 0.3805 0.1804
vn -0.3804 -0.9217 0.0757
vn -0.9622 0.1939 0.1914
vn -0.1971 -0.9796 0.0392
vn -0.9808 -0.0000 0.1951
vn -0.1971 0.9796 0.0392
vn -0.9622 -0.1939 0.1914
vn -0.3804 0.9217 0.0757
vn -0.9070 -0.3805 0.1804
vn -0.9239 -0.0000 0.3827
vn -0.9063 0.1939 0.3754
vn -0.1857 0.9796 0.0769
vn -0.1857 -0.9796 0.0769
vn -0.9063 -0.1939 0.3754
vn -0.3584 0.9217 0.1484
vn -0.8544 -0.3805 0.3539
vn -0.5172 0.8286 0.2142
vn -0.7699 -0.5528 0.3189
vn -0.6561 0.7041 0.2718
vn -0.6561 -0.7041 0.2718
vn -0.7699 0.5528 0.3189
vn -0.5172 -0.8286 0.2142
vn -0.8544 0.3805 0.3539
vn -0.3584 -0.9217 0.1484
vn -0.5905 -0.7041 0.3945
vn -0.6929 -0.5528 0.4630
vn -0.6929 0.5528 0.4630
vn -0.5905 0.7041 0.3945
vn -0.4654 -0.8286 0.3110
vn -0.7689 0.3805 0.5138
vn -0.3225 -0.9217 0.2155
vn -0.8157 0.1939 0.5450
vn -0.1671 -0.9796 0.1116
vn -0.8315 -0.0000 0.5556
vn -0.1671 0.9796 0.1116
vn -0.8157 -0.1939 0.5450
vn -0.3225 0.9217 0.2155
vn -0.7689 -0.3805 0.5138
vn -0.4654 0.8286 0.3110
vn -0.1421 0.9796 0.1421
vn -0.1421 -0.9796 0.1421
vn -0.6937 -0.1939 0.6937
vn -0.7071 -0.0000 0.7071
vn -0.2743 0.9217 0.2743
vn -0.6539 -0.3805 0.6539
vn -0.3958 0.8286 0.3958
vn -0.5893 -0.5528 0.5893
vn -0.5021 0.7041 0.5021
vn -0.5021 -0.7041 0.5021
vn -0.5893 0.5528 0.5893
vn -0.3958 -0.8286 0.3958
vn -0.6539 0.3805 0.6539
vn -0.2743 -0.9217 0.2743
vn -0.6937 0.1939 0.6937
vn -0.4630 0.5528 0.6929
vn -0.3945 0.7041 0.5905
vn -0.3110 -0.8286 0.4654
vn -0.3945 -0.7041 0.5905
vn -0.5138 0.3805 0.7689
vn -0.2155 -0.9217 0.3225
vn -0.5450 0.1939 0.8157
vn -0.1116 -0.9796 0.1671
vn -0.5556 -0.0000 0.8315
vn -0.1116 0.9796 0.1671
vn -0.5450 -0.1939 0.8157
vn -0.2155 0.9217 0.3225
vn -0.5138 -0.3805 0.7689
vn -0.3110 0.8286 0.4654
vn -0.4630 -0.5528 0.6929
vn -0.3754 -0.1939 0.9063
vn -0.3827 -0.0000 0.9239
vn -0.1484 0.9217 0.3584
vn -0.0769 0.9796 0.1857
vn -0.3539 -0.3805 0.8544
vn -0.2142 0.8286 0.5172
vn -0.3189 -0.5528 0.7699
vn -0.2718 0.7041 0.6561
vn -0.2718 -0.7041 0.6561
vn -0.3189 0.5528 0.7699
vn -0.2142 -0.8286 0.5172
vn -0.3539 0.3805 0.8544
vn -0.1484 -0.9217 0.3584
vn -0.3754 0.1939 0.9063
vn -0.0769 -0.9796 0.1857
vn -0.1092 -0.8286 0.5490
vn -0.1385 -0.7041 0.6965
vn -0.1804 0.3805 0.9070
vn -0.1626 0.5528 0.8173
vn -0.0757 -0.9217 0.3804
vn -0.1914 0.1939 0.9622
vn -0.0392 -0.9796 0.1971
vn -0.1951 -0.0000 0.9808
vn -0.0392 0.9796 0.1971
vn -0.1914 -0.1939 0.9622
vn -0.0757 0.9217 0.3804
vn -0.1804 -0.3805 0.9070
vn -0.1092 0.8286 0.5490
vn -0.1626 -0.5528 0.8173
vn -0.1385 0.7041 0.6965
vn -0.0000 -0.3805 0.9248
vn -0.0000 -0.1939 0.9810
vn -0.0000 0.8286 0.5598
vn -0.0000 0.9217 0.3879
vn -0.0000 -0.5528 0.8333
vn -0.0000 0.7041 0.7101
vn -0.0000 -0.7041 0.7101
vn -0.0000 0.5528 0.8333
vn -0.0000 -0.8286 0.5598
vn -0.0000 0.3805 0.9248
vn -0.0000 -0.9217 0.3879
vn -0.0000 0.1939 0.9810
vn -0.0000 -0.9796 0.2010
vn -0.0000 -0.0000 1.0000
vn -0.0000 0.9796 0.2010
vn 0.0757 -0.9217 0.3804
vn 0.1092 -0.8286 0.5490
vn 0.1914 0.1939 0.9622
vn 0.1804 0.3805 0.9070
vn 0.0392 -0.9796 0.1971
vn 0.1951 -0.0000 0.9808
vn 0.0392 0.9796 0.1971
vn 0.1914 -0.1939 0.9622
vn 0.0757 0.9217 0.3804
vn 0.1804 -0.3805 0.9070
vn 0.1092 0.8286 0.5490
vn 0.1626 -0.5528 0.8173
vn 0.1385 0.7041 0.6965
vn 0.1385 -0.7041 0.6965
vn 0.1626 0.5528 0.8173
vn 0.2142 0.8286 0.5172
vn 0.1484 0.9217 0.3584
vn 0.3189 -0.5528 0.7699
vn 0.3539 -0.3805 0.8544
vn 0.2718 0.7041 0.6561
vn 0.2718 -0.7041 0.6561
vn 0.3189 0.5528 0.7699
vn 0.2142 -0.8286 0.5172
vn 0.3539 0.3805 0.8544
vn 0.1484 -0.9217 0.3584
vn 0.3754 0.1939 0.9063
vn 0.0769 -0.9796 0.1857
vn 0.3827 -0.0000 0.9239
vn 0.0769 0.9796 0.1857
vn 0.3754 -0.1939 0.9063
vn 0.5450 0.1939 0.8157
vn 0.5138 0.3805 0.7689
vn 0.1116 -0.9796 0.1671
vn 0.2155 -0.9217 0.3225
vn 0.5556 -0.0000 0.8315
vn 0.1116 0.9796 0.1671
vn 0.5450 -0.1939 0.8157
vn 0.2155 0.9217 0.3225
vn 0.5138 -0.3805 0.7689
vn 0.3110 0.8286 0.4654
vn 0.4630 -0.5528 0.6929
vn 0.3945 0.7041 0.5905
vn 0.3945 -0.7041 0.5905
vn 0.4630 0.5528 0.6929
vn 0.3110 -0.8286 0.4654
vn 0.5893 -0.5528 0.5893
vn 0.6539 -0.3805 0.6539
vn 0.5021 0.7041 0.5021
vn 0.3958 0.8286 0.3958
vn 0.5021 -0.7041 0.5021
vn 0.5893 0.5528 0.5893
vn 0.3958 -0.8286 0.3958
vn 0.6539 0.3805 0.6539
vn 0.2743 -0.9217 0.2743
vn 0.6937 0.1939 0.6937
vn 0.1421 -0.9796 0.1421
vn 0.7071 -0.0000 0.7071
vn 0.1421 0.9796 0.1421
vn 0.6937 -0.1939 0.6937
vn 0.2743 0.9217 0.2743
vn 0.1671 -0.9796 0.1116
vn 0.3225 -0.9217 0.2155
vn 0.8315 -0.0000 0.5556
vn 0.8157 0.1939 0.5450
vn 0.1671 0.9796 0.1116
vn 0.8157 -0.1939 0.5450
vn 0.3225 0.9217 0.2155
vn 0.7689 -0.3805 0.5138
vn 0.4654 0.8286 0.3110
vn 0.6929 -0.5528 0.4630
vn 0.5905 0.7041 0.3945
vn 0.5905 -0.7041 0.3945
vn 0.6929 0.5528 0.4630
vn 0.4654 -0.8286 0.3110
vn 0.7689 0.3805 0.5138
vn 0.6561 0.7041 0.2718
vn 0.5172 0.8286 0.2142
vn 0.6561 -0.7041 0.2718
vn 0.7699 -0.5528 0.3189
vn 0.7699 0.5528 0.3189
vn 0.5172 -0.8286 0.2142
vn 0.8544 0.3805 0.3539
vn 0.3584 -0.9217 0.1484
vn 0.9063 0.1939 0.3754
vn 0.1857 -0.9796 0.0769
vn 0.9239 -0.0000 0.3827
vn 0.1857 0.9796 0.0769
vn 0.9063 -0.1939 0.3754
vn 0.3584 0.9217 0.1484
vn 0.8544 -0.3805 0.3539
vn 0.9808 -0.0000 0.1951
vn 0.9622 0.1939 0.1914
vn 0.1971 0.9796 0.0392
vn 0.1971 -0.9796 0.0392
vn 0.9622 -0.1939 0.1914
vn 0.3804 0.9217 0.0757
vn 0.9070 -0.3805 0.1804
vn 0.5490 0.8286 0.1092
vn 0.8173 -0.5528 0.1626
vn 0.6965 0.7041 0.1385
vn 0.6965 -0.7041 0.1385
vn 0.8173 0.5528 0.1626
vn 0.5490 -0.8286 0.1092
vn 0.9070 0.3805 0.1804
vn 0.3804 -0.9217 0.0757
vn 0.7101 -0.7041 -0.0000
vn 0.8333 -0.5528 -0.0000
vn 0.8333 0.5528 -0.0000
vn 0.7101 0.7041 -0.0000
vn 0.5598 -0.8286 -0.0000
vn 0.9248 0.3805 -0.0000
vn 0.3879 -0.9217 -0.0000
vn 0.9810 0.1939 -0.0000
vn 0.2010 -0.9796 -0.0000
vn 1.0000 -0.0000 -0.0000
vn 0.2010 0.9796 -0.0000
vn 0.9810 -0.1939 -0.0000
vn 0.3879 0.9217 -0.0000
vn 0.9248 -0.3805 -0.0000
vn 0.5598 0.8286 -0.0000
vn 0.1971 -0.9796 -0.0392
vn 0.9622 -0.1939 -0.1914
vn 0.9808 -0.0000 -0.1951
vn 0.3804 0.9217 -0.0757
vn 0.1971 0.9796 -0.0392
vn 0.9070 -0.3805 -0.1804
vn 0.5490 0.8286 -0.1092
vn 0.8173 -0.5528 -0.1626
vn 0.6965 0.7041 -0.1385
vn 0.6965 -0.7041 -0.1385
vn 0.8173 0.5528 -0.1626
vn 0.5490 -0.8286 -0.1092
vn 0.9070 0.3805 -0.1804
vn 0.3804 -0.9217 -0.0757
vn 0.9622 0.1939 -0.1914
vn 0.5172 -0.8286 -0.2142
vn 0.6561 -0.7041 -0.2718
vn 0.8544 0.3805 -0.3539
vn 0.7699 0.5528 -0.3189
vn 0.3584 -0.9217 -0.1484
vn 0.9063 0.1939 -0.3754
vn 0.1857 -0.9796 -0.0769
vn 0.9239 -0.0000 -0.3827
vn 0.1857 0.9796 -0.0769
vn 0.9063 -0.1939 -0.3754
vn 0.3584 0.9217 -0.1484
vn 0.8544 -0.3805 -0.3539
vn 0.5172 0.8286 -0.2142
vn 0.7699 -0.5528 -0.3189
vn 0.6561 0.7041 -0.2718
vn 0.3225 0.9217 -0.2155
vn 0.1671 0.9796 -0.1117
vn 0.7689 -0.3805 -0.5138
vn 0.8157 -0.1939 -0.5450
vn 0.4654 0.8286 -0.3110
vn 0.6929 -0.5528 -0.4630
vn 0.5905 0.7041 -0.3945
vn 0.5905 -0.7041 -0.3945
vn 0.6929 0.5528 -0.4630
vn 0.4654 -0.8286 -0.3110
vn 0.7689 0.3805 -0.5138
vn 0.3225 -0.9217 -0.2155
vn 0.8157 0.1939 -0.5450
vn 0.1671 -0.9796 -0.1116
vn 0.8315 -0.0000 -0.5556
vn 0.6539 0.3805 -0.6539
vn 0.5893 0.5528 -0.5893
vn 0.2743 -0.9217 -0.2743
vn 0.3958 -0.8286 -0.3958
vn 0.6937 0.1939 -0.6937
vn 0.1421 -0.9796 -0.1421
vn 0.7071 -0.0000 -0.7071
vn 0.1421 0.9796 -0.1421
vn 0.6937 -0.1939 -0.6937
vn 0.2743 0.9217 -0.2743
vn 0.6539 -0.3805 -0.6539
vn 0.3958 0.8286 -0.3958
vn 0.5893 -0.5528 -0.5893
vn 0.5021 0.7041 -0.5021
vn 0.5021 -0.7041 -0.5021
vn 0.5138 -0.3805 -0.7689
vn 0.5450 -0.1939 -0.8157
vn 0.3110 0.8286 -0.4654
vn 0.2155 0.9217 -0.3225
vn 0.4630 -0.5528 -0.6929
vn 0.3945 0.7041 -0.5905
vn 0.3945 -0.7041 -0.5905
vn 0.4630 0.5528 -0.6929
vn 0.3110 -0.8286 -0.4654
vn 0.5138 0.3805 -0.7689
vn 0.2155 -0.9217 -0.3225
vn 0.5450 0.1939 -0.8157
vn 0.1116 -0.9796 -0.1671
vn 0.5556 -0.0000 -0.8315
vn 0.1116 0.9796 -0.1671
vn 0.1484 -0.9217 -0.3584
vn 0.2142 -0.8286 -0.5172
vn 0.3754 0.1939 -0.9063
vn 0.3539 0.3805 -0.8544
vn 0.0769 -0.9796 -0.1857
vn 0.3827 -0.0000 -0.9239
vn 0.0769 0.9796 -0.1857
vn 0.3754 -0.1939 -0.9063
vn 0.1484 0.9217 -0.3584
vn 0.3539 -0.3805 -0.8544
vn 0.2142 0.8286 -0.5172
vn 0.3189 -0.5528 -0.7699
vn 0.2718 0.7041 -0.6561
vn 0.2718 -0.7041 -0.6561
vn 0.3189 0.5528 -0.7699
vn 0.1092 0.8286 -0.5490
vn 0.0757 0.9217 -0.3804
vn 0.1626 -0.5528 -0.8173
vn 0.1804 -0.3805 -0.9070
vn 0.1385 0.7041 -0.6965
vn 0.1385 -0.7041 -0.6965
vn 0.1626 0.5528 -0.8173
vn 0.1092 -0.8286 -0.5490
vn 0.1804 0.3805 -0.9070
vn 0.0757 -0.9217 -0.3804
vn 0.1914 0.1939 -0.9622
vn 0.0392 -0.9796 -0.1971
vn 0.1951 -0.0000 -0.9808
vn 0.0392 0.9796 -0.1971
vn 0.1914 -0.1939 -0.9622
vt 0.750000 0.125000
vt 0.718750 0.125000
vt 0.718750 0.187500
vt 0.750000 0.187500
vt 0.750000 0.562500
vt 0.718750 0.562500
vt 0.718750 0.625000
vt 0.750000 0.625000
vt 0.750000 0.062500
vt 0.718750 0.062500
vt 0.750000 0.500000
vt 0.718750 0.500000
vt 0.750000 0.937500
vt 0.718750 0.937500
vt 0.734375 1.000000
vt 0.734375 0.000000
vt 0.750000 0.437500
vt 0.718750 0.437500
vt 0.750000 0.875000
vt 0.718750 0.875000
vt 0.750000 0.375000
vt 0.718750 0.375000
vt 0.750000 0.812500
vt 0.718750 0.812500
vt 0.750000 0.312500
vt 0.718750 0.312500
vt 0.750000 0.750000
vt 0.718750 0.750000
vt 0.750000 0.250000
vt 0.718750 0.250000
vt 0.750000 0.687500
vt 0.718750 0.687500
vt 0.687500 0.187500
vt 0.687500 0.250000
vt 0.687500 0.625000
vt 0.687500 0.687500
vt 0.687500 0.125000
vt 0.687500 0.562500
vt 0.687500 0.062500
vt 0.687500 0.500000
vt 0.687500 0.937500
vt 0.703125 1.000000
vt 0.703125 0.000000
vt 0.687500 0.437500
vt 0.687500 0.875000
vt 0.687500 0.375000
vt 0.687500 0.812500
vt 0.687500 0.312500
vt 0.687500 0.750000
vt 0.656250 0.875000
vt 0.656250 0.937500
vt 0.656250 0.375000
vt 0.656250 0.437500
vt 0.656250 0.812500
vt 0.656250 0.312500
vt 0.656250 0.750000
vt 0.656250 0.250000
vt 0.656250 0.687500
vt 0.656250 0.187500
vt 0.656250 0.625000
vt 0.656250 0.125000
vt 0.656250 0.562500
vt 0.656250 0.062500
vt 0.656250 0.500000
vt 0.671875 1.000000
vt 0.671875 0.000000
vt 0.625000 0.625000
vt 0.625000 0.687500
vt 0.625000 0.125000
vt 0.625000 0.187500
vt 0.625000 0.562500
vt 0.625000 0.062500
vt 0.625000 0.500000
vt 0.625000 0.937500
vt 0.640625 1.000000
vt 0.640625 0.000000
vt 0.625000 0.437500
vt 0.625000 0.875000
vt 0.625000 0.375000
vt 0.625000 0.812500
vt 0.625000 0.312500
vt 0.625000 0.750000
vt 0.625000 0.250000
vt 0.593750 0.375000
vt 0.593750 0.437500
vt 0.593750 0.812500
vt 0.593750 0.875000
vt 0.593750 0.312500
vt 0.593750 0.750000
vt 0.593750 0.250000
vt 0.593750 0.687500
vt 0.593750 0.187500
vt 0.593750 0.625000
vt 0.593750 0.125000
vt 0.593750 0.562500
vt 0.593750 0.062500
vt 0.593750 0.500000
vt 0.593750 0.937500
vt 0.609375 1.000000
vt 0.609375 0.000000
vt 0.562500 0.125000
vt 0.562500 0.187500
vt 0.562500 0.562500
vt 0.562500 0.625000
vt 0.562500 0.062500
vt 0.562500 0.500000
vt 0.562500 0.937500
vt 0.578125 1.000000
vt 0.578125 0.000000
vt 0.562500 0.437500
vt 0.562500 0.875000
vt 0.562500 0.375000
vt 0.562500 0.812500
vt 0.562500 0.312500
vt 0.562500 0.750000
vt 0.562500 0.250000
vt 0.562500 0.687500
vt 0.531250 0.312500
vt 0.531250 0.375000
vt 0.531250 0.750000
vt 0.531250 0.812500
vt 0.531250 0.250000
vt 0.531250 0.687500
vt 0.531250 0.187500
vt 0.531250 0.625000
vt 0.531250 0.125000
vt 0.531250 0.562500
vt 0.531250 0.062500
vt 0.531250 0.500000
vt 0.531250 0.937500
vt 0.546875 1.000000
vt 0.546875 0.000000
vt 0.531250 0.437500
vt 0.531250 0.875000
vt 0.500000 0.062500
vt 0.500000 0.125000
vt 0.500000 0.500000
vt 0.500000 0.562500
vt 0.500000 0.937500
vt 0.515625 1.000000
vt 0.515625 0.000000
vt 0.500000 0.437500
vt 0.500000 0.875000
vt 0.500000 0.375000
vt 0.500000 0.812500
vt 0.500000 0.312500
vt 0.500000 0.750000
vt 0.500000 0.250000
vt 0.500000 0.687500
vt 0.500000 0.187500
vt 0.500000 0.625000
vt 0.468750 0.750000
vt 0.468750 0.812500
vt 0.468750 0.250000
vt 0.468750 0.312500
vt 0.468750 0.687500
vt 0.468750 0.187500
vt 0.468750 0.625000
vt 0.468750 0.125000
vt 0.468750 0.562500
vt 0.468750 0.062500
vt 0.468750 0.500000
vt 0.468750 0.937500
vt 0.484375 1.000000
vt 0.484375 0.000000
vt 0.468750 0.437500
vt 0.468750 0.875000
vt 0.468750 0.375000
vt 0.437500 0.500000
vt 0.437500 0.562500
vt 0.437500 0.937500
vt 0.453125 1.000000
vt 0.453125 0.000000
vt 0.437500 0.062500
vt 0.437500 0.437500
vt 0.437500 0.875000
vt 0.437500 0.375000
vt 0.437500 0.812500
vt 0.437500 0.312500
vt 0.437500 0.750000
vt 0.437500 0.250000
vt 0.437500 0.687500
vt 0.437500 0.187500
vt 0.437500 0.625000
vt 0.437500 0.125000
vt 0.406250 0.250000
vt 0.406250 0.312500
vt 0.406250 0.687500
vt 0.406250 0.750000
vt 0.406250 0.187500
vt 0.406250 0.625000
vt 0.406250 0.125000
vt 0.406250 0.562500
vt 0.406250 0.062500
vt 0.406250 0.500000
vt 0.406250 0.937500
vt 0.421875 1.000000
vt 0.421875 0.000000
vt 0.406250 0.437500
vt 0.406250 0.875000
vt 0.406250 0.375000
vt 0.406250 0.812500
vt 0.375000 0.937500
vt 0.390625 1.000000
vt 0.390625 0.000000
vt 0.375000 0.062500
vt 0.375000 0.437500
vt 0.375000 0.500000
vt 0.375000 0.875000
vt 0.375000 0.375000
vt 0.375000 0.812500
vt 0.375000 0.312500
vt 0.375000 0.750000
vt 0.375000 0.250000
vt 0.375000 0.687500
vt 0.375000 0.187500
vt 0.375000 0.625000
vt 0.375000 0.125000
vt 0.375000 0.562500
vt 0.343750 0.687500
vt 0.343750 0.750000
vt 0.343750 0.187500
vt 0.343750 0.250000
vt 0.343750 0.625000
vt 0.343750 0.125000
vt 0.343750 0.562500
vt 0.343750 0.062500
vt 0.343750 0.500000
vt 0.343750 0.937500
vt 0.359375 1.000000
vt 0.359375 0.000000
vt 0.343750 0.437500
vt 0.343750 0.875000
vt 0.343750 0.375000
vt 0.343750 0.812500
vt 0.343750 0.312500
vt 0.312500 0.437500
vt 0.312500 0.500000
vt 0.312500 0.875000
vt 0.312500 0.937500
vt 0.312500 0.375000
vt 0.312500 0.812500
vt 0.312500 0.312500
vt 0.312500 0.750000
vt 0.312500 0.250000
vt 0.312500 0.687500
vt 0.312500 0.187500
vt 0.312500 0.625000
vt 0.312500 0.125000
vt 0.312500 0.562500
vt 0.312500 0.062500
vt 0.328125 1.000000
vt 0.328125 0.000000
vt 0.281250 0.187500
vt 0.281250 0.250000
vt 0.281250 0.625000
vt 0.281250 0.687500
vt 0.281250 0.125000
vt 0.281250 0.562500
vt 0.281250 0.062500
vt 0.281250 0.500000
vt 0.281250 0.937500
vt 0.296875 1.000000
vt 0.296875 0.000000
vt 0.281250 0.437500
vt 0.281250 0.875000
vt 0.281250 0.375000
vt 0.281250 0.812500
vt 0.281250 0.312500
vt 0.281250 0.750000
vt 0.250000 0.375000
vt 0.250000 0.437500
vt 0.250000 0.812500
vt 0.250000 0.875000
vt 0.250000 0.312500
vt 0.250000 0.750000
vt 0.250000 0.250000
vt 0.250000 0.687500
vt 0.250000 0.187500
vt 0.250000 0.625000
vt 0.250000 0.125000
vt 0.250000 0.562500
vt 0.250000 0.062500
vt 0.250000 0.500000
vt 0.250000 0.937500
vt 0.265625 1.000000
vt 0.265625 0.000000
vt 0.218750 0.125000
vt 0.218750 0.187500
vt 0.218750 0.562500
vt 0.218750 0.625000
vt 0.218750 0.062500
vt 0.218750 0.500000
vt 0.218750 0.937500
vt 0.234375 1.000000
vt 0.234375 0.000000
vt 0.218750 0.437500
vt 0.218750 0.875000
vt 0.218750 0.375000
vt 0.218750 0.812500
vt 0.218750 0.312500
vt 0.218750 0.750000
vt 0.218750 0.250000
vt 0.218750 0.687500
vt 0.187500 0.812500
vt 0.187500 0.875000
vt 0.187500 0.312500
vt 0.187500 0.375000
vt 0.187500 0.750000
vt 0.187500 0.250000
vt 0.187500 0.687500
vt 0.187500 0.187500
vt 0.187500 0.625000
vt 0.187500 0.125000
vt 0.187500 0.562500
vt 0.187500 0.062500
vt 0.187500 0.500000
vt 0.187500 0.937500
vt 0.203125 1.000000
vt 0.203125 0.000000
vt 0.187500 0.437500
vt 0.156250 0.562500
vt 0.156250 0.625000
vt 0.156250 0.062500
vt 0.156250 0.125000
vt 0.156250 0.500000
vt 0.156250 0.937500
vt 0.171875 1.000000
vt 0.171875 0.000000
vt 0.156250 0.437500
vt 0.156250 0.875000
vt 0.156250 0.375000
vt 0.156250 0.812500
vt 0.156250 0.312500
vt 0.156250 0.750000
vt 0.156250 0.250000
vt 0.156250 0.687500
vt 0.156250 0.187500
vt 0.125000 0.312500
vt 0.125000 0.375000
vt 0.125000 0.750000
vt 0.125000 0.812500
vt 0.125000 0.250000
vt 0.125000 0.687500
vt 0.125000 0.187500
vt 0.125000 0.625000
vt 0.125000 0.125000
vt 0.125000 0.562500
vt 0.125000 0.062500
vt 0.125000 0.500000
vt 0.125000 0.937500
vt 0.140625 1.000000
vt 0.140625 0.000000
vt 0.125000 0.437500
vt 0.125000 0.875000
vt 0.093750 0.062500
vt 0.093750 0.125000
vt 0.093750 0.500000
vt 0.093750 0.562500
vt 0.093750 0.937500
vt 0.109375 1.000000
vt 0.109375 0.000000
vt 0.093750 0.437500
vt 0.093750 0.875000
vt 0.093750 0.375000
vt 0.093750 0.812500
vt 0.093750 0.312500
vt 0.093750 0.750000
vt 0.093750 0.250000
vt 0.093750 0.687500
vt 0.093750 0.187500
vt 0.093750 0.625000
vt 0.062500 0.750000
vt 0.062500 0.812500
vt 0.062500 0.250000
vt 0.062500 0.312500
vt 0.062500 0.687500
vt 0.062500 0.187500
vt 0.062500 0.625000
vt 0.062500 0.125000
vt 0.062500 0.562500
vt 0.062500 0.062500
vt 0.062500 0.500000
vt 0.062500 0.937500
vt 0.078125 1.000000
vt 0.078125 0.000000
vt 0.062500 0.437500
vt 0.062500 0.875000
vt 0.062500 0.375000
vt 0.031250 0.500000
vt 0.031250 0.562500
vt 0.031250 0.937500
vt 0.046875 1.000000
vt 0.046875 0.000000
vt 0.031250 0.062500
vt 0.031250 0.437500
vt 0.031250 0.875000
vt 0.031250 0.375000
vt 0.031250 0.812500
vt 0.031250 0.312500
vt 0.031250 0.750000
vt 0.031250 0.250000
vt 0.031250 0.687500
vt 0.031250 0.187500
vt 0.031250 0.625000
vt 0.031250 0.125000
vt 0.000000 0.250000
vt 0.000000 0.312500
vt 0.000000 0.687500
vt 0.000000 0.750000
vt 0.000000 0.187500
vt 0.000000 0.625000
vt 0.000000 0.125000
vt 0.000000 0.562500
vt 0.000000 0.062500
vt 0.000000 0.500000
vt 0.000000 0.937500
vt 0.015625 1.000000
vt 0.015625 0.000000
vt 0.000000 0.437500
vt 0.000000 0.875000
vt 0.000000 0.375000
vt 0.000000 0.812500
vt 0.984375 0.000000
vt 0.968750 0.062500
vt 1.000000 0.062500
vt 1.000000 0.437500
vt 0.968750 0.437500
vt 0.968750 0.500000
vt 1.000000 0.500000
vt 1.000000 0.875000
vt 0.968750 0.875000
vt 0.968750 0.937500
vt 1.000000 0.937500
vt 1.000000 0.375000
vt 0.968750 0.375000
vt 1.000000 0.812500
vt 0.968750 0.812500
vt 1.000000 0.312500
vt 0.968750 0.312500
vt 1.000000 0.750000
vt 0.968750 0.750000
vt 1.000000 0.250000
vt 0.968750 0.250000
vt 1.000000 0.687500
vt 0.968750 0.687500
vt 1.000000 0.187500
vt 0.968750 0.187500
vt 1.000000 0.625000
vt 0.968750 0.625000
vt 1.000000 0.125000
vt 0.968750 0.125000
vt 1.000000 0.562500
vt 0.968750 0.562500
vt 0.984375 1.000000
vt 0.937500 0.187500
vt 0.937500 0.250000
vt 0.937500 0.625000
vt 0.937500 0.687500
vt 0.937500 0.125000
vt 0.937500 0.562500
vt 0.937500 0.062500
vt 0.937500 0.500000
vt 0.937500 0.937500
vt 0.953125 1.000000
vt 0.953125 0.000000
vt 0.937500 0.437500
vt 0.937500 0.875000
vt 0.937500 0.375000
vt 0.937500 0.812500
vt 0.937500 0.312500
vt 0.937500 0.750000
vt 0.906250 0.875000
vt 0.906250 0.937500
vt 0.906250 0.375000
vt 0.906250 0.437500
vt 0.906250 0.812500
vt 0.906250 0.312500
vt 0.906250 0.750000
vt 0.906250 0.250000
vt 0.906250 0.687500
vt 0.906250 0.187500
vt 0.906250 0.625000
vt 0.906250 0.125000
vt 0.906250 0.562500
vt 0.906250 0.062500
vt 0.906250 0.500000
vt 0.921875 1.000000
vt 0.921875 0.000000
vt 0.875000 0.625000
vt 0.875000 0.687500
vt 0.875000 0.125000
vt 0.875000 0.187500
vt 0.875000 0.562500
vt 0.875000 0.062500
vt 0.875000 0.500000
vt 0.875000 0.937500
vt 0.890625 1.000000
vt 0.890625 0.000000
vt 0.875000 0.437500
vt 0.875000 0.875000
vt 0.875000 0.375000
vt 0.875000 0.812500
vt 0.875000 0.312500
vt 0.875000 0.750000
vt 0.875000 0.250000
vt 0.843750 0.375000
vt 0.843750 0.437500
vt 0.843750 0.812500
vt 0.843750 0.875000
vt 0.843750 0.312500
vt 0.843750 0.750000
vt 0.843750 0.250000
vt 0.843750 0.687500
vt 0.843750 0.187500
vt 0.843750 0.625000
vt 0.843750 0.125000
vt 0.843750 0.562500
vt 0.843750 0.062500
vt 0.843750 0.500000
vt 0.843750 0.937500
vt 0.859375 1.000000
vt 0.859375 0.000000
vt 0.812500 0.125000
vt 0.812500 0.187500
vt 0.812500 0.562500
vt 0.812500 0.625000
vt 0.812500 0.062500
vt 0.812500 0.500000
vt 0.812500 0.937500
vt 0.828125 1.000000
vt 0.828125 0.000000
vt 0.812500 0.437500
vt 0.812500 0.875000
vt 0.812500 0.375000
vt 0.812500 0.812500
vt 0.812500 0.312500
vt 0.812500 0.750000
vt 0.812500 0.250000
vt 0.812500 0.687500
vt 0.781250 0.812500
vt 0.781250 0.875000
vt 0.781250 0.312500
vt 0.781250 0.375000
vt 0.781250 0.750000
vt 0.781250 0.250000
vt 0.781250 0.687500
vt 0.781250 0.187500
vt 0.781250 0.625000
vt 0.781250 0.125000
vt 0.781250 0.562500
vt 0.781250 0.062500
vt 0.781250 0.500000
vt 0.781250 0.937500
vt 0.796875 1.000000
vt 0.796875 0.000000
vt 0.781250 0.437500
vt 0.765625 1.000000
vt 0.765625 0.000000
s 1
usemtl マテリアル.001
f 963/560/483 502/561/484 501/562/485 962/563/486
f 485/564/487 495/565/488 494/566/489 959/567/490
f 964/568/491 503/569/492 502/561/484 963/560/483
f 486/570/493 496/571/494 495/565/488 485/564/487
f 956/572/495 489/573/496 564/574/497
f 790/575/498 503/569/492 964/568/491
f 487/576/499 497/577/500 496/571/494 486/570/493
f 957/578/501 490/579/502 489/573/496 956/572/495
f 960/580/503 498/581/504 497/577/500 487/576/499
f 483/582/505 491/583/506 490/579/502 957/578/501
f 488/584/507 499/585/508 498/581/504 960/580/503
f 958/586/509 492/587/510 491/583/506 483/582/505
f 961/588/511 500/589/512 499/585/508 488/584/507
f 484/590/513 493/591/514 492/587/510 958/586/509
f 962/563/486 501/562/485 500/589/512 961/588/511
f 959/567/490 494/566/489 493/591/514 484/590/513
f 501/562/485 516/592/515 515/593/516 500/589/512
f 494/566/489 509/594/517 508/595/518 493/591/514
f 502/561/484 517/596/519 516/592/515 501/562/485
f 495/565/488 510/597/520 509/594/517 494/566/489
f 503/569/492 518/598/521 517/596/519 502/561/484
f 496/571/494 511/599/522 510/597/520 495/565/488
f 489/573/496 504/600/523 564/601/497
f 790/602/498 518/598/521 503/569/492
f 497/577/500 512/603/524 511/599/522 496/571/494
f 490/579/502 505/604/525 504/600/523 489/573/496
f 498/581/504 513/605/526 512/603/524 497/577/500
f 491/583/506 506/606/527 505/604/525 490/579/502
f 499/585/508 514/607/528 513/605/526 498/581/504
f 492/587/510 507/608/529 506/606/527 491/583/506
f 500/589/512 515/593/516 514/607/528 499/585/508
f 493/591/514 508/595/518 507/608/529 492/587/510
f 505/604/525 520/609/530 519/610/531 504/600/523
f 513/605/526 528/611/532 527/612/533 512/603/524
f 506/606/527 521/613/534 520/609/530 505/604/525
f 514/607/528 529/614/535 528/611/532 513/605/526
f 507/608/529 522/615/536 521/613/534 506/606/527
f 515/593/516 530/616/537 529/614/535 514/607/528
f 508/595/518 523/617/538 522/615/536 507/608/529
f 516/592/515 531/618/539 530/616/537 515/593/516
f 509/594/517 524/619/540 523/617/538 508/595/518
f 517/596/519 532/620/541 531/618/539 516/592/515
f 510/597/520 525/621/542 524/619/540 509/594/517
f 518/598/521 533/622/543 532/620/541 517/596/519
f 511/599/522 526/623/544 525/621/542 510/597/520
f 504/600/523 519/610/531 564/624/497
f 790/625/498 533/622/543 518/598/521
f 512/603/524 527/612/533 526/623/544 511/599/522
f 524/619/540 539/626/545 538/627/546 523/617/538
f 532/620/541 547/628/547 546/629/548 531/618/539
f 525/621/542 540/630/549 539/626/545 524/619/540
f 533/622/543 548/631/550 547/628/547 532/620/541
f 526/623/544 541/632/551 540/630/549 525/621/542
f 519/610/531 534/633/552 564/634/497
f 790/635/498 548/631/550 533/622/543
f 527/612/533 542/636/553 541/632/551 526/623/544
f 520/609/530 535/637/554 534/633/552 519/610/531
f 528/611/532 543/638/555 542/636/553 527/612/533
f 521/613/534 536/639/556 535/637/554 520/609/530
f 529/614/535 544/640/557 543/638/555 528/611/532
f 522/615/536 537/641/558 536/639/556 521/613/534
f 530/616/537 545/642/559 544/640/557 529/614/535
f 523/617/538 538/627/546 537/641/558 522/615/536
f 531/618/539 546/629/548 545/642/559 530/616/537
f 543/638/555 558/643/560 557/644/561 542/636/553
f 536/639/556 551/645/562 550/646/563 535/637/554
f 544/640/557 559/647/564 558/643/560 543/638/555
f 537/641/558 552/648/565 551/645/562 536/639/556
f 545/642/559 560/649/566 559/647/564 544/640/557
f 538/627/546 553/650/567 552/648/565 537/641/558
f 546/629/548 561/651/568 560/649/566 545/642/559
f 539/626/545 554/652/569 553/650/567 538/627/546
f 547/628/547 562/653/570 561/651/568 546/629/548
f 540/630/549 555/654/571 554/652/569 539/626/545
f 548/631/550 563/655/572 562/653/570 547/628/547
f 541/632/551 556/656/573 555/654/571 540/630/549
f 534/633/552 549/657/574 564/658/497
f 790/659/498 563/655/572 548/631/550
f 542/636/553 557/644/561 556/656/573 541/632/551
f 535/637/554 550/646/563 549/657/574 534/633/552
f 562/653/570 578/660/575 577/661/576 561/651/568
f 555/654/571 571/662/577 570/663/578 554/652/569
f 563/655/572 579/664/579 578/660/575 562/653/570
f 556/656/573 572/665/580 571/662/577 555/654/571
f 549/657/574 565/666/581 564/667/497
f 790/668/498 579/664/579 563/655/572
f 557/644/561 573/669/582 572/665/580 556/656/573
f 550/646/563 566/670/583 565/666/581 549/657/574
f 558/643/560 574/671/584 573/669/582 557/644/561
f 551/645/562 567/672/585 566/670/583 550/646/563
f 559/647/564 575/673/586 574/671/584 558/643/560
f 552/648/565 568/674/587 567/672/585 551/645/562
f 560/649/566 576/675/588 575/673/586 559/647/564
f 553/650/567 569/676/589 568/674/587 552/648/565
f 561/651/568 577/661/576 576/675/588 560/649/566
f 554/652/569 570/663/578 569/676/589 553/650/567
f 575/673/586 590/677/590 589/678/591 574/671/584
f 568/674/587 583/679/592 582/680/593 567/672/585
f 576/675/588 591/681/594 590/677/590 575/673/586
f 569/676/589 584/682/595 583/679/592 568/674/587
f 577/661/576 592/683/596 591/681/594 576/675/588
f 570/663/578 585/684/597 584/682/595 569/676/589
f 578/660/575 593/685/598 592/683/596 577/661/576
f 571/662/577 586/686/599 585/684/597 570/663/578
f 579/664/579 594/687/600 593/685/598 578/660/575
f 572/665/580 587/688/601 586/686/599 571/662/577
f 565/666/581 580/689/602 564/690/497
f 790/691/498 594/687/600 579/664/579
f 573/669/582 588/692/603 587/688/601 572/665/580
f 566/670/583 581/693/604 580/689/602 565/666/581
f 574/671/584 589/678/591 588/692/603 573/669/582
f 567/672/585 582/680/593 581/693/604 566/670/583
f 594/687/600 609/694/605 608/695/606 593/685/598
f 587/688/601 602/696/607 601/697/608 586/686/599
f 580/689/602 595/698/609 564/699/497
f 790/700/498 609/694/605 594/687/600
f 588/692/603 603/701/610 602/696/607 587/688/601
f 581/693/604 596/702/611 595/698/609 580/689/602
f 589/678/591 604/703/612 603/701/610 588/692/603
f 582/680/593 597/704/613 596/702/611 581/693/604
f 590/677/590 605/705/614 604/703/612 589/678/591
f 583/679/592 598/706/615 597/704/613 582/680/593
f 591/681/594 606/707/616 605/705/614 590/677/590
f 584/682/595 599/708/617 598/706/615 583/679/592
f 592/683/596 607/709/618 606/707/616 591/681/594
f 585/684/597 600/710/619 599/708/617 584/682/595
f 593/685/598 608/695/606 607/709/618 592/683/596
f 586/686/599 601/697/608 600/710/619 585/684/597
f 598/706/615 613/711/620 612/712/621 597/704/613
f 606/707/616 621/713/622 620/714/623 605/705/614
f 599/708/617 614/715/624 613/711/620 598/706/615
f 607/709/618 622/716/625 621/713/622 606/707/616
f 600/710/619 615/717/626 614/715/624 599/708/617
f 608/695/606 623/718/627 622/716/625 607/709/618
f 601/697/608 616/719/628 615/717/626 600/710/619
f 609/694/605 624/720/629 623/718/627 608/695/606
f 602/696/607 617/721/630 616/719/628 601/697/608
f 595/698/609 610/722/631 564/723/497
f 790/724/498 624/720/629 609/694/605
f 603/701/610 618/725/632 617/721/630 602/696/607
f 596/702/611 611/726/633 610/722/631 595/698/609
f 604/703/612 619/727/634 618/725/632 603/701/610
f 597/704/613 612/712/621 611/726/633 596/702/611
f 605/705/614 620/714/623 619/727/634 604/703/612
f 617/721/630 632/728/635 631/729/636 616/719/628
f 610/722/631 625/730/637 564/731/497
f 790/732/498 639/733/638 624/720/629
f 618/725/632 633/734/639 632/728/635 617/721/630
f 611/726/633 626/735/640 625/730/637 610/722/631
f 619/727/634 634/736/641 633/734/639 618/725/632
f 612/712/621 627/737/642 626/735/640 611/726/633
f 620/714/623 635/738/643 634/736/641 619/727/634
f 613/711/620 628/739/644 627/737/642 612/712/621
f 621/713/622 636/740/645 635/738/643 620/714/623
f 614/715/624 629/741/646 628/739/644 613/711/620
f 622/716/625 637/742/647 636/740/645 621/713/622
f 615/717/626 630/743/648 629/741/646 614/715/624
f 623/718/627 638/744/649 637/742/647 622/716/625
f 616/719/628 631/729/636 630/743/648 615/717/626
f 624/720/629 639/733/638 638/744/649 623/718/627
f 636/740/645 651/745/650 650/746/651 635/738/643
f 629/741/646 644/747/652 643/748/653 628/739/644
f 637/742/647 652/749/654 651/745/650 636/740/645
f 630/743/648 645/750/655 644/747/652 629/741/646
f 638/744/649 653/751/656 652/749/654 637/742/647
f 631/729/636 646/752/657 645/750/655 630/743/648
f 639/733/638 654/753/658 653/751/656 638/744/649
f 632/728/635 647/754/659 646/752/657 631/729/636
f 625/730/637 640/755/660 564/756/497
f 790/757/498 654/753/658 639/733/638
f 633/734/639 648/758/661 647/754/659 632/728/635
f 626/735/640 641/759/662 640/755/660 625/730/637
f 634/736/641 649/760/663 648/758/661 633/734/639
f 627/737/642 642/761/664 641/759/662 626/735/640
f 635/738/643 650/746/651 649/760/663 634/736/641
f 628/739/644 643/748/653 642/761/664 627/737/642
f 640/755/660 655/762/665 564/763/497
f 790/764/498 669/765/666 654/753/658
f 648/758/661 663/766/667 662/767/668 647/754/659
f 641/759/662 656/768/669 655/762/665 640/755/660
f 649/760/663 664/769/670 663/766/667 648/758/661
f 642/761/664 657/770/671 656/768/669 641/759/662
f 650/746/651 665/771/672 664/769/670 649/760/663
f 643/748/653 658/772/673 657/770/671 642/761/664
f 651/745/650 666/773/674 665/771/672 650/746/651
f 644/747/652 659/774/675 658/772/673 643/748/653
f 652/749/654 667/775/676 666/773/674 651/745/650
f 645/750/655 660/776/677 659/774/675 644/747/652
f 653/751/656 668/777/678 667/775/676 652/749/654
f 646/752/657 661/778/679 660/776/677 645/750/655
f 654/753/658 669/765/666 668/777/678 653/751/656
f 647/754/659 662/767/668 661/778/679 646/752/657
f 659/774/675 674/779/680 673/780/681 658/772/673
f 667/775/676 682/781/682 681/782/683 666/773/674
f 660/776/677 675/783/684 674/779/680 659/774/675
f 668/777/678 683/784/685 682/781/682 667/775/676
f 661/778/679 676/785/686 675/783/684 660/776/677
f 669/765/666 684/786/687 683/784/685 668/777/678
f 662/767/668 677/787/688 676/785/686 661/778/679
f 655/762/665 670/788/689 564/789/497
f 790/790/498 684/786/687 669/765/666
f 663/766/667 678/791/690 677/787/688 662/767/668
f 656/768/669 671/792/691 670/788/689 655/762/665
f 664/769/670 679/793/692 678/791/690 663/766/667
f 657/770/671 672/794/693 671/792/691 656/768/669
f 665/771/672 680/795/694 679/793/692 664/769/670
f 658/772/673 673/780/681 672/794/693 657/770/671
f 666/773/674 681/782/683 680/795/694 665/771/672
f 678/791/690 693/796/695 692/797/696 677/787/688
f 671/792/691 686/798/697 685/799/698 670/788/689
f 679/793/692 694/800/699 693/796/695 678/791/690
f 672/794/693 687/801/700 686/798/697 671/792/691
f 680/795/694 695/802/701 694/800/699 679/793/692
f 673/780/681 688/803/702 687/801/700 672/794/693
f 681/782/683 696/804/703 695/802/701 680/795/694
f 674/779/680 689/805/704 688/803/702 673/780/681
f 682/781/682 697/806/705 696/804/703 681/782/683
f 675/783/684 690/807/706 689/805/704 674/779/680
f 683/784/685 698/808/707 697/806/705 682/781/682
f 676/785/686 691/809/708 690/807/706 675/783/684
f 684/786/687 699/810/709 698/808/707 683/784/685
f 677/787/688 692/797/696 691/809/708 676/785/686
f 670/788/689 685/799/698 564/811/497
f 790/812/498 699/810/709 684/786/687
f 697/806/705 712/813/710 711/814/711 696/804/703
f 690/807/706 705/815/712 704/816/713 689/805/704
f 698/808/707 713/817/714 712/813/710 697/806/705
f 691/809/708 706/818/715 705/815/712 690/807/706
f 699/810/709 714/819/716 713/817/714 698/808/707
f 692/797/696 707/820/717 706/818/715 691/809/708
f 685/799/698 700/821/718 564/822/497
f 790/823/498 714/819/716 699/810/709
f 693/796/695 708/824/719 707/820/717 692/797/696
f 686/798/697 701/825/720 700/821/718 685/799/698
f 694/800/699 709/826/721 708/824/719 693/796/695
f 687/801/700 702/827/722 701/825/720 686/798/697
f 695/802/701 710/828/723 709/826/721 694/800/699
f 688/803/702 703/829/724 702/827/722 687/801/700
f 696/804/703 711/814/711 710/828/723 695/802/701
f 689/805/704 704/816/713 703/829/724 688/803/702
f 709/826/721 724/830/725 723/831/726 708/824/719
f 702/827/722 717/832/727 716/833/728 701/825/720
f 710/828/723 725/834/729 724/830/725 709/826/721
f 703/829/724 718/835/730 717/832/727 702/827/722
f 711/814/711 726/836/731 725/834/729 710/828/723
f 704/816/713 719/837/732 718/835/730 703/829/724
f 712/813/710 727/838/733 726/836/731 711/814/711
f 705/815/712 720/839/734 719/837/732 704/816/713
f 713/817/714 728/840/735 727/838/733 712/813/710
f 706/818/715 721/841/736 720/839/734 705/815/712
f 714/819/716 729/842/737 728/840/735 713/817/714
f 707/820/717 722/843/738 721/841/736 706/818/715
f 700/821/718 715/844/739 564/845/497
f 790/846/498 729/842/737 714/819/716
f 708/824/719 723/831/726 722/843/738 707/820/717
f 701/825/720 716/833/728 715/844/739 700/821/718
f 728/840/735 743/847/740 742/848/741 727/838/733
f 721/841/736 736/849/742 735/850/743 720/839/734
f 729/842/737 744/851/744 743/847/740 728/840/735
f 722/843/738 737/852/745 736/849/742 721/841/736
f 715/844/739 730/853/746 564/854/497
f 790/855/498 744/851/744 729/842/737
f 723/831/726 738/856/747 737/852/745 722/843/738
f 716/833/728 731/857/748 730/853/746 715/844/739
f 724/830/725 739/858/749 738/856/747 723/831/726
f 717/832/727 732/859/750 731/857/748 716/833/728
f 725/834/729 740/860/751 739/858/749 724/830/725
f 718/835/730 733/861/752 732/859/750 717/832/727
f 726/836/731 741/862/753 740/860/751 725/834/729
f 719/837/732 734/863/754 733/861/752 718/835/730
f 727/838/733 742/848/741 741/862/753 726/836/731
f 720/839/734 735/850/743 734/863/754 719/837/732
f 732/859/750 747/864/755 746/865/756 731/857/748
f 740/860/751 755/866/757 754/867/758 739/858/749
f 733/861/752 748/868/759 747/864/755 732/859/750
f 741/862/753 756/869/760 755/866/757 740/860/751
f 734/863/754 749/870/761 748/868/759 733/861/752
f 742/848/741 757/871/762 756/869/760 741/862/753
f 735/850/743 750/872/763 749/870/761 734/863/754
f 743/847/740 758/873/764 757/871/762 742/848/741
f 736/849/742 751/874/765 750/872/763 735/850/743
f 744/851/744 759/875/766 758/873/764 743/847/740
f 737/852/745 752/876/767 751/874/765 736/849/742
f 730/853/746 745/877/768 564/878/497
f 790/879/498 759/875/766 744/851/744
f 738/856/747 753/880/769 752/876/767 737/852/745
f 731/857/748 746/865/756 745/877/768 730/853/746
f 739/858/749 754/867/758 753/880/769 738/856/747
f 751/874/765 766/881/770 765/882/771 750/872/763
f 759/875/766 774/883/772 773/884/773 758/873/764
f 752/876/767 767/885/774 766/881/770 751/874/765
f 745/877/768 760/886/775 564/887/497
f 790/888/498 774/883/772 759/875/766
f 753/880/769 768/889/776 767/885/774 752/876/767
f 746/865/756 761/890/777 760/886/775 745/877/768
f 754/867/758 769/891/778 768/889/776 753/880/769
f 747/864/755 762/892/779 761/890/777 746/865/756
f 755/866/757 770/893/780 769/891/778 754/867/758
f 748/868/759 763/894/781 762/892/779 747/864/755
f 756/869/760 771/895/782 770/893/780 755/866/757
f 749/870/761 764/896/783 763/894/781 748/868/759
f 757/871/762 772/897/784 771/895/782 756/869/760
f 750/872/763 765/882/771 764/896/783 749/870/761
f 758/873/764 773/884/773 772/897/784 757/871/762
f 770/893/780 785/898/785 784/899/786 769/891/778
f 763/894/781 778/900/787 777/901/788 762/892/779
f 771/895/782 786/902/789 785/898/785 770/893/780
f 764/896/783 779/903/790 778/900/787 763/894/781
f 772/897/784 787/904/791 786/902/789 771/895/782
f 765/882/771 780/905/792 779/903/790 764/896/783
f 773/884/773 788/906/793 787/904/791 772/897/784
f 766/881/770 781/907/794 780/905/792 765/882/771
f 774/883/772 789/908/795 788/906/793 773/884/773
f 767/885/774 782/909/796 781/907/794 766/881/770
f 760/886/775 775/910/797 564/911/497
f 790/912/498 789/908/795 774/883/772
f 768/889/776 783/913/798 782/909/796 767/885/774
f 761/890/777 776/914/799 775/910/797 760/886/775
f 769/891/778 784/899/786 783/913/798 768/889/776
f 762/892/779 777/901/788 776/914/799 761/890/777
f 789/908/795 805/915/800 804/916/801 788/906/793
f 782/909/796 798/917/802 797/918/803 781/907/794
f 775/910/797 791/919/804 564/920/497
f 790/921/498 805/915/800 789/908/795
f 783/913/798 799/922/805 798/917/802 782/909/796
f 776/914/799 792/923/806 791/919/804 775/910/797
f 784/899/786 800/924/807 799/922/805 783/913/798
f 777/901/788 793/925/808 792/923/806 776/914/799
f 785/898/785 801/926/809 800/924/807 784/899/786
f 778/900/787 794/927/810 793/925/808 777/901/788
f 786/902/789 802/928/811 801/926/809 785/898/785
f 779/903/790 795/929/812 794/927/810 778/900/787
f 787/904/791 803/930/813 802/928/811 786/902/789
f 780/905/792 796/931/814 795/929/812 779/903/790
f 788/906/793 804/916/801 803/930/813 787/904/791
f 781/907/794 797/918/803 796/931/814 780/905/792
f 794/927/810 809/932/815 808/933/816 793/925/808
f 802/928/811 817/934/817 816/935/818 801/926/809
f 795/929/812 810/936/819 809/932/815 794/927/810
f 803/930/813 818/937/820 817/934/817 802/928/811
f 796/931/814 811/938/821 810/936/819 795/929/812
f 804/916/801 819/939/822 818/937/820 803/930/813
f 797/918/803 812/940/823 811/938/821 796/931/814
f 805/915/800 820/941/824 819/939/822 804/916/801
f 798/917/802 813/942/825 812/940/823 797/918/803
f 791/919/804 806/943/826 564/944/497
f 790/945/498 820/941/824 805/915/800
f 799/922/805 814/946/827 813/942/825 798/917/802
f 792/923/806 807/947/828 806/943/826 791/919/804
f 800/924/807 815/948/829 814/946/827 799/922/805
f 793/925/808 808/933/816 807/947/828 792/923/806
f 801/926/809 816/935/818 815/948/829 800/924/807
f 813/942/825 828/949/830 827/950/831 812/940/823
f 806/943/826 821/951/832 564/952/497
f 790/953/498 835/954/833 820/941/824
f 814/946/827 829/955/834 828/949/830 813/942/825
f 807/947/828 822/956/835 821/951/832 806/943/826
f 815/948/829 830/957/836 829/955/834 814/946/827
f 808/933/816 823/958/837 822/956/835 807/947/828
f 816/935/818 831/959/838 830/957/836 815/948/829
f 809/932/815 824/960/839 823/958/837 808/933/816
f 817/934/817 832/961/840 831/959/838 816/935/818
f 810/936/819 825/962/841 824/960/839 809/932/815
f 818/937/820 833/963/842 832/961/840 817/934/817
f 811/938/821 826/964/843 825/962/841 810/936/819
f 819/939/822 834/965/844 833/963/842 818/937/820
f 812/940/823 827/950/831 826/964/843 811/938/821
f 820/941/824 835/954/833 834/965/844 819/939/822
f 832/961/840 847/966/845 846/967/846 831/959/838
f 825/962/841 840/968/847 839/969/848 824/960/839
f 833/963/842 848/970/849 847/966/845 832/961/840
f 826/964/843 841/971/850 840/968/847 825/962/841
f 834/965/844 849/972/851 848/970/849 833/963/842
f 827/950/831 842/973/852 841/971/850 826/964/843
f 835/954/833 850/974/853 849/972/851 834/965/844
f 828/949/830 843/975/854 842/973/852 827/950/831
f 821/951/832 836/976/855 564/977/497
f 790/978/498 850/974/853 835/954/833
f 829/955/834 844/979/856 843/975/854 828/949/830
f 822/956/835 837/980/857 836/976/855 821/951/832
f 830/957/836 845/981/858 844/979/856 829/955/834
f 823/958/837 838/982/859 837/980/857 822/956/835
f 831/959/838 846/967/846 845/981/858 830/957/836
f 824/960/839 839/969/848 838/982/859 823/958/837
f 790/983/498 865/984/860 850/985/853
f 844/986/856 859/987/861 858/988/862 843/989/854
f 837/990/857 852/991/863 851/992/864 836/993/855
f 845/994/858 860/995/865 859/987/861 844/986/856
f 838/996/859 853/997/866 852/991/863 837/990/857
f 846/998/846 861/999/867 860/995/865 845/994/858
f 839/1000/848 854/1001/868 853/997/866 838/996/859
f 847/1002/845 862/1003/869 861/999/867 846/998/846
f 840/1004/847 855/1005/870 854/1001/868 839/1000/848
f 848/1006/849 863/1007/871 862/1003/869 847/1002/845
f 841/1008/850 856/1009/872 855/1005/870 840/1004/847
f 849/1010/851 864/1011/873 863/1007/871 848/1006/849
f 842/1012/852 857/1013/874 856/1009/872 841/1008/850
f 850/985/853 865/984/860 864/1011/873 849/1010/851
f 843/989/854 858/988/862 857/1013/874 842/1012/852
f 836/993/855 851/992/864 564/1014/497
f 863/1007/871 878/1015/875 877/1016/876 862/1003/869
f 856/1009/872 871/1017/877 870/1018/878 855/1005/870
f 864/1011/873 879/1019/879 878/1015/875 863/1007/871
f 857/1013/874 872/1020/880 871/1017/877 856/1009/872
f 865/984/860 880/1021/881 879/1019/879 864/1011/873
f 858/988/862 873/1022/882 872/1020/880 857/1013/874
f 851/992/864 866/1023/883 564/1024/497
f 790/1025/498 880/1021/881 865/984/860
f 859/987/861 874/1026/884 873/1022/882 858/988/862
f 852/991/863 867/1027/885 866/1023/883 851/992/864
f 860/995/865 875/1028/886 874/1026/884 859/987/861
f 853/997/866 868/1029/887 867/1027/885 852/991/863
f 861/999/867 876/1030/888 875/1028/886 860/995/865
f 854/1001/868 869/1031/889 868/1029/887 853/997/866
f 862/1003/869 877/1016/876 876/1030/888 861/999/867
f 855/1005/870 870/1018/878 869/1031/889 854/1001/868
f 867/1027/885 882/1032/890 881/1033/891 866/1023/883
f 875/1028/886 890/1034/892 889/1035/893 874/1026/884
f 868/1029/887 883/1036/894 882/1032/890 867/1027/885
f 876/1030/888 891/1037/895 890/1034/892 875/1028/886
f 869/1031/889 884/1038/896 883/1036/894 868/1029/887
f 877/1016/876 892/1039/897 891/1037/895 876/1030/888
f 870/1018/878 885/1040/898 884/1038/896 869/1031/889
f 878/1015/875 893/1041/899 892/1039/897 877/1016/876
f 871/1017/877 886/1042/900 885/1040/898 870/1018/878
f 879/1019/879 894/1043/901 893/1041/899 878/1015/875
f 872/1020/880 887/1044/902 886/1042/900 871/1017/877
f 880/1021/881 895/1045/903 894/1043/901 879/1019/879
f 873/1022/882 888/1046/904 887/1044/902 872/1020/880
f 866/1023/883 881/1033/891 564/1047/497
f 790/1048/498 895/1045/903 880/1021/881
f 874/1026/884 889/1035/893 888/1046/904 873/1022/882
f 886/1042/900 901/1049/905 900/1050/906 885/1040/898
f 894/1043/901 909/1051/907 908/1052/908 893/1041/899
f 887/1044/902 902/1053/909 901/1049/905 886/1042/900
f 895/1045/903 910/1054/910 909/1051/907 894/1043/901
f 888/1046/904 903/1055/911 902/1053/909 887/1044/902
f 881/1033/891 896/1056/912 564/1057/497
f 790/1058/498 910/1054/910 895/1045/903
f 889/1035/893 904/1059/913 903/1055/911 888/1046/904
f 882/1032/890 897/1060/914 896/1056/912 881/1033/891
f 890/1034/892 905/1061/915 904/1059/913 889/1035/893
f 883/1036/894 898/1062/916 897/1060/914 882/1032/890
f 891/1037/895 906/1063/917 905/1061/915 890/1034/892
f 884/1038/896 899/1064/918 898/1062/916 883/1036/894
f 892/1039/897 907/1065/919 906/1063/917 891/1037/895
f 885/1040/898 900/1050/906 899/1064/918 884/1038/896
f 893/1041/899 908/1052/908 907/1065/919 892/1039/897
f 905/1061/915 920/1066/920 919/1067/921 904/1059/913
f 898/1062/916 913/1068/922 912/1069/923 897/1060/914
f 906/1063/917 921/1070/924 920/1066/920 905/1061/915
f 899/1064/918 914/1071/925 913/1068/922 898/1062/916
f 907/1065/919 922/1072/926 921/1070/924 906/1063/917
f 900/1050/906 915/1073/927 914/1071/925 899/1064/918
f 908/1052/908 923/1074/928 922/1072/926 907/1065/919
f 901/1049/905 916/1075/929 915/1073/927 900/1050/906
f 909/1051/907 924/1076/930 923/1074/928 908/1052/908
f 902/1053/909 917/1077/931 916/1075/929 901/1049/905
f 910/1054/910 925/1078/932 924/1076/930 909/1051/907
f 903/1055/911 918/1079/933 917/1077/931 902/1053/909
f 896/1056/912 911/1080/934 564/1081/497
f 790/1082/498 925/1078/932 910/1054/910
f 904/1059/913 919/1067/921 918/1079/933 903/1055/911
f 897/1060/914 912/1069/923 911/1080/934 896/1056/912
f 924/1076/930 939/1083/935 938/1084/936 923/1074/928
f 917/1077/931 932/1085/937 931/1086/938 916/1075/929
f 925/1078/932 940/1087/939 939/1083/935 924/1076/930
f 918/1079/933 933/1088/940 932/1085/937 917/1077/931
f 911/1080/934 926/1089/941 564/1090/497
f 790/1091/498 940/1087/939 925/1078/932
f 919/1067/921 934/1092/942 933/1088/940 918/1079/933
f 912/1069/923 927/1093/943 926/1089/941 911/1080/934
f 920/1066/920 935/1094/944 934/1092/942 919/1067/921
f 913/1068/922 928/1095/945 927/1093/943 912/1069/923
f 921/1070/924 936/1096/946 935/1094/944 920/1066/920
f 914/1071/925 929/1097/947 928/1095/945 913/1068/922
f 922/1072/926 937/1098/948 936/1096/946 921/1070/924
f 915/1073/927 930/1099/949 929/1097/947 914/1071/925
f 923/1074/928 938/1084/936 937/1098/948 922/1072/926
f 916/1075/929 931/1086/938 930/1099/949 915/1073/927
f 928/1095/945 943/1100/950 942/1101/951 927/1093/943
f 936/1096/946 951/1102/952 950/1103/953 935/1094/944
f 929/1097/947 944/1104/954 943/1100/950 928/1095/945
f 937/1098/948 952/1105/955 951/1102/952 936/1096/946
f 930/1099/949 945/1106/956 944/1104/954 929/1097/947
f 938/1084/936 953/1107/957 952/1105/955 937/1098/948
f 931/1086/938 946/1108/958 945/1106/956 930/1099/949
f 939/1083/935 954/1109/959 953/1107/957 938/1084/936
f 932/1085/937 947/1110/960 946/1108/958 931/1086/938
f 940/1087/939 955/1111/961 954/1109/959 939/1083/935
f 933/1088/940 948/1112/962 947/1110/960 932/1085/937
f 926/1089/941 941/1113/963 564/1114/497
f 790/1115/498 955/1111/961 940/1087/939
f 934/1092/942 949/1116/964 948/1112/962 933/1088/940
f 927/1093/943 942/1101/951 941/1113/963 926/1089/941
f 935/1094/944 950/1103/953 949/1116/964 934/1092/942
f 947/1110/960 485/564/487 959/567/490 946/1108/958
f 955/1111/961 964/568/491 963/560/483 954/1109/959
f 948/1112/962 486/570/493 485/564/487 947/1110/960
f 941/1113/963 956/572/495 564/1117/497
f 790/1118/498 964/568/491 955/1111/961
f 949/1116/964 487/576/499 486/570/493 948/1112/962
f 942/1101/951 957/578/501 956/572/495 941/1113/963
f 950/1103/953 960/580/503 487/576/499 949/1116/964
f 943/1100/950 483/582/505 957/578/501 942/1101/951
f 951/1102/952 488/584/507 960/580/503 950/1103/953
f 944/1104/954 958/586/509 483/582/505 943/1100/950
f 952/1105/955 961/588/511 488/584/507 951/1102/952
f 945/1106/956 484/590/513 958/586/509 944/1104/954
f 953/1107/957 962/563/486 961/588/511 952/1105/955
f 946/1108/958 959/567/490 484/590/513 945/1106/956
f 954/1109/959 963/560/483 962/563/486 953/1107/957
